id,electrolyser_id,scenario,date,value
1,1,1,2024-07-01 00:00:00,2513924.3
2,1,1,2025-07-01 00:00:00,2273331.8
3,1,1,2026-07-01 00:00:00,2056263.9
4,1,1,2027-07-01 00:00:00,1859512.6999999997
5,1,1,2028-07-01 00:00:00,1682008.9
6,1,1,2029-07-01 00:00:00,1521613.9
7,1,1,2030-07-01 00:00:00,1376189.0999999999
8,1,1,2031-07-01 00:00:00,1244665.2
9,1,1,2032-07-01 00:00:00,1124903.5999999999
10,1,1,2033-07-01 00:00:00,1017973.6
11,1,1,2034-07-01 00:00:00,920667.2999999999
12,1,1,2035-07-01 00:00:00,831915.4
13,1,1,2036-07-01 00:00:00,752787.2
14,1,1,2037-07-01 00:00:00,681144.1
15,1,1,2038-07-01 00:00:00,615916.7999999999
16,1,1,2039-07-01 00:00:00,557105.2999999999
17,1,1,2040-07-01 00:00:00,503640.3
18,1,1,2041-07-01 00:00:00,491878
19,1,1,2042-07-01 00:00:00,480115.69999999995
20,1,1,2043-07-01 00:00:00,452313.89999999997
21,1,1,2044-07-01 00:00:00,438412.99999999994
22,1,1,2045-07-01 00:00:00,425581.39999999997
23,1,1,2046-07-01 00:00:00,405264.69999999995
24,1,1,2047-07-01 00:00:00,383878.69999999995
25,1,1,2048-07-01 00:00:00,367839.19999999995
26,1,1,2049-07-01 00:00:00,350730.39999999997
27,1,2,2024-07-01 00:00:00,2513924.3
28,1,2,2025-07-01 00:00:00,2259430.9
29,1,2,2026-07-01 00:00:00,2030600.6999999997
30,1,2,2027-07-01 00:00:00,1825295.0999999999
31,1,2,2028-07-01 00:00:00,1640306.1999999997
32,1,2,2029-07-01 00:00:00,1474564.7
33,1,2,2030-07-01 00:00:00,1324862.7
34,1,2,2031-07-01 00:00:00,1191200.2
35,1,2,2032-07-01 00:00:00,1070369.2999999998
36,1,2,2033-07-01 00:00:00,962369.9999999999
37,1,2,2034-07-01 00:00:00,865063.7
38,1,2,2035-07-01 00:00:00,777381.1
39,1,2,2036-07-01 00:00:00,698252.8999999999
40,1,2,2037-07-01 00:00:00,627679.1
41,1,2,2038-07-01 00:00:00,564590.3999999999
42,1,2,2039-07-01 00:00:00,506848.19999999995
43,1,2,2040-07-01 00:00:00,455521.8
44,1,2,2041-07-01 00:00:00,434135.8
45,1,2,2042-07-01 00:00:00,417027
46,1,2,2043-07-01 00:00:00,398848.89999999997
47,1,2,2044-07-01 00:00:00,382809.39999999997
48,1,2,2045-07-01 00:00:00,368908.49999999994
49,1,2,2046-07-01 00:00:00,357146.19999999995
50,1,2,2047-07-01 00:00:00,345383.89999999997
51,1,2,2048-07-01 00:00:00,334690.9
52,1,2,2049-07-01 00:00:00,317582.1
53,1,3,2024-07-01 00:00:00,2513924.3
54,1,3,2025-07-01 00:00:00,2199550.1
55,1,3,2026-07-01 00:00:00,1923670.7
56,1,3,2027-07-01 00:00:00,1683078.2
57,1,3,2028-07-01 00:00:00,1472426.0999999999
58,1,3,2029-07-01 00:00:00,1288506.5
59,1,3,2030-07-01 00:00:00,1127042.2
60,1,3,2031-07-01 00:00:00,985894.6
61,1,3,2032-07-01 00:00:00,862925.1
62,1,3,2033-07-01 00:00:00,754925.7999999999
63,1,3,2034-07-01 00:00:00,660827.3999999999
64,1,3,2035-07-01 00:00:00,577421.9999999999
65,1,3,2036-07-01 00:00:00,505778.89999999997
66,1,3,2037-07-01 00:00:00,442690.19999999995
67,1,3,2038-07-01 00:00:00,387086.6
68,1,3,2039-07-01 00:00:00,337898.8
69,1,3,2040-07-01 00:00:00,296196.1
70,1,3,2041-07-01 00:00:00,272671.5
71,1,3,2042-07-01 00:00:00,253424.09999999998
72,1,3,2043-07-01 00:00:00,239523.19999999998
73,1,3,2044-07-01 00:00:00,226691.6
74,1,3,2045-07-01 00:00:00,215998.59999999998
75,1,3,2046-07-01 00:00:00,207444.19999999998
76,1,3,2047-07-01 00:00:00,196751.19999999998
77,1,3,2048-07-01 00:00:00,188196.8
78,1,3,2049-07-01 00:00:00,179642.4
79,2,1,2024-07-01 00:00:00,2513924.3
80,2,1,2025-07-01 00:00:00,2273331.8
81,2,1,2026-07-01 00:00:00,2056263.9
82,2,1,2027-07-01 00:00:00,1859512.6999999997
83,2,1,2028-07-01 00:00:00,1682008.9
84,2,1,2029-07-01 00:00:00,1521613.9
85,2,1,2030-07-01 00:00:00,1376189.0999999999
86,2,1,2031-07-01 00:00:00,1244665.2
87,2,1,2032-07-01 00:00:00,1124903.5999999999
88,2,1,2033-07-01 00:00:00,1017973.6
89,2,1,2034-07-01 00:00:00,920667.2999999999
90,2,1,2035-07-01 00:00:00,831915.4
91,2,1,2036-07-01 00:00:00,752787.2
92,2,1,2037-07-01 00:00:00,681144.1
93,2,1,2038-07-01 00:00:00,615916.7999999999
94,2,1,2039-07-01 00:00:00,557105.2999999999
95,2,1,2040-07-01 00:00:00,503640.3
96,2,1,2041-07-01 00:00:00,491878
97,2,1,2042-07-01 00:00:00,480115.69999999995
98,2,1,2043-07-01 00:00:00,452313.89999999997
99,2,1,2044-07-01 00:00:00,438412.99999999994
100,2,1,2045-07-01 00:00:00,425581.39999999997
101,2,1,2046-07-01 00:00:00,405264.69999999995
102,2,1,2047-07-01 00:00:00,383878.69999999995
103,2,1,2048-07-01 00:00:00,367839.19999999995
104,2,1,2049-07-01 00:00:00,350730.39999999997
105,2,2,2024-07-01 00:00:00,2513924.3
106,2,2,2025-07-01 00:00:00,2259430.9
107,2,2,2026-07-01 00:00:00,2030600.6999999997
108,2,2,2027-07-01 00:00:00,1825295.0999999999
109,2,2,2028-07-01 00:00:00,1640306.1999999997
110,2,2,2029-07-01 00:00:00,1474564.7
111,2,2,2030-07-01 00:00:00,1324862.7
112,2,2,2031-07-01 00:00:00,1191200.2
113,2,2,2032-07-01 00:00:00,1070369.2999999998
114,2,2,2033-07-01 00:00:00,962369.9999999999
115,2,2,2034-07-01 00:00:00,865063.7
116,2,2,2035-07-01 00:00:00,777381.1
117,2,2,2036-07-01 00:00:00,698252.8999999999
118,2,2,2037-07-01 00:00:00,627679.1
119,2,2,2038-07-01 00:00:00,564590.3999999999
120,2,2,2039-07-01 00:00:00,506848.19999999995
121,2,2,2040-07-01 00:00:00,455521.8
122,2,2,2041-07-01 00:00:00,434135.8
123,2,2,2042-07-01 00:00:00,417027
124,2,2,2043-07-01 00:00:00,398848.89999999997
125,2,2,2044-07-01 00:00:00,382809.39999999997
126,2,2,2045-07-01 00:00:00,368908.49999999994
127,2,2,2046-07-01 00:00:00,357146.19999999995
128,2,2,2047-07-01 00:00:00,345383.89999999997
129,2,2,2048-07-01 00:00:00,334690.9
130,2,2,2049-07-01 00:00:00,317582.1
131,2,3,2024-07-01 00:00:00,2513924.3
132,2,3,2025-07-01 00:00:00,2199550.1
133,2,3,2026-07-01 00:00:00,1923670.7
134,2,3,2027-07-01 00:00:00,1683078.2
135,2,3,2028-07-01 00:00:00,1472426.0999999999
136,2,3,2029-07-01 00:00:00,1288506.5
137,2,3,2030-07-01 00:00:00,1127042.2
138,2,3,2031-07-01 00:00:00,985894.6
139,2,3,2032-07-01 00:00:00,862925.1
140,2,3,2033-07-01 00:00:00,754925.7999999999
141,2,3,2034-07-01 00:00:00,660827.3999999999
142,2,3,2035-07-01 00:00:00,577421.9999999999
143,2,3,2036-07-01 00:00:00,505778.89999999997
144,2,3,2037-07-01 00:00:00,442690.19999999995
145,2,3,2038-07-01 00:00:00,387086.6
146,2,3,2039-07-01 00:00:00,337898.8
147,2,3,2040-07-01 00:00:00,296196.1
148,2,3,2041-07-01 00:00:00,272671.5
149,2,3,2042-07-01 00:00:00,253424.09999999998
150,2,3,2043-07-01 00:00:00,239523.19999999998
151,2,3,2044-07-01 00:00:00,226691.6
152,2,3,2045-07-01 00:00:00,215998.59999999998
153,2,3,2046-07-01 00:00:00,207444.19999999998
154,2,3,2047-07-01 00:00:00,196751.19999999998
155,2,3,2048-07-01 00:00:00,188196.8
156,2,3,2049-07-01 00:00:00,179642.4
157,3,1,2024-07-01 00:00:00,2513924.3
158,3,1,2025-07-01 00:00:00,2273331.8
159,3,1,2026-07-01 00:00:00,2056263.9
160,3,1,2027-07-01 00:00:00,1859512.6999999997
161,3,1,2028-07-01 00:00:00,1682008.9
162,3,1,2029-07-01 00:00:00,1521613.9
163,3,1,2030-07-01 00:00:00,1376189.0999999999
164,3,1,2031-07-01 00:00:00,1244665.2
165,3,1,2032-07-01 00:00:00,1124903.5999999999
166,3,1,2033-07-01 00:00:00,1017973.6
167,3,1,2034-07-01 00:00:00,920667.2999999999
168,3,1,2035-07-01 00:00:00,831915.4
169,3,1,2036-07-01 00:00:00,752787.2
170,3,1,2037-07-01 00:00:00,681144.1
171,3,1,2038-07-01 00:00:00,615916.7999999999
172,3,1,2039-07-01 00:00:00,557105.2999999999
173,3,1,2040-07-01 00:00:00,503640.3
174,3,1,2041-07-01 00:00:00,491878
175,3,1,2042-07-01 00:00:00,480115.69999999995
176,3,1,2043-07-01 00:00:00,452313.89999999997
177,3,1,2044-07-01 00:00:00,438412.99999999994
178,3,1,2045-07-01 00:00:00,425581.39999999997
179,3,1,2046-07-01 00:00:00,405264.69999999995
180,3,1,2047-07-01 00:00:00,383878.69999999995
181,3,1,2048-07-01 00:00:00,367839.19999999995
182,3,1,2049-07-01 00:00:00,350730.39999999997
183,3,2,2024-07-01 00:00:00,2513924.3
184,3,2,2025-07-01 00:00:00,2259430.9
185,3,2,2026-07-01 00:00:00,2030600.6999999997
186,3,2,2027-07-01 00:00:00,1825295.0999999999
187,3,2,2028-07-01 00:00:00,1640306.1999999997
188,3,2,2029-07-01 00:00:00,1474564.7
189,3,2,2030-07-01 00:00:00,1324862.7
190,3,2,2031-07-01 00:00:00,1191200.2
191,3,2,2032-07-01 00:00:00,1070369.2999999998
192,3,2,2033-07-01 00:00:00,962369.9999999999
193,3,2,2034-07-01 00:00:00,865063.7
194,3,2,2035-07-01 00:00:00,777381.1
195,3,2,2036-07-01 00:00:00,698252.8999999999
196,3,2,2037-07-01 00:00:00,627679.1
197,3,2,2038-07-01 00:00:00,564590.3999999999
198,3,2,2039-07-01 00:00:00,506848.19999999995
199,3,2,2040-07-01 00:00:00,455521.8
200,3,2,2041-07-01 00:00:00,434135.8
201,3,2,2042-07-01 00:00:00,417027
202,3,2,2043-07-01 00:00:00,398848.89999999997
203,3,2,2044-07-01 00:00:00,382809.39999999997
204,3,2,2045-07-01 00:00:00,368908.49999999994
205,3,2,2046-07-01 00:00:00,357146.19999999995
206,3,2,2047-07-01 00:00:00,345383.89999999997
207,3,2,2048-07-01 00:00:00,334690.9
208,3,2,2049-07-01 00:00:00,317582.1
209,3,3,2024-07-01 00:00:00,2513924.3
210,3,3,2025-07-01 00:00:00,2199550.1
211,3,3,2026-07-01 00:00:00,1923670.7
212,3,3,2027-07-01 00:00:00,1683078.2
213,3,3,2028-07-01 00:00:00,1472426.0999999999
214,3,3,2029-07-01 00:00:00,1288506.5
215,3,3,2030-07-01 00:00:00,1127042.2
216,3,3,2031-07-01 00:00:00,985894.6
217,3,3,2032-07-01 00:00:00,862925.1
218,3,3,2033-07-01 00:00:00,754925.7999999999
219,3,3,2034-07-01 00:00:00,660827.3999999999
220,3,3,2035-07-01 00:00:00,577421.9999999999
221,3,3,2036-07-01 00:00:00,505778.89999999997
222,3,3,2037-07-01 00:00:00,442690.19999999995
223,3,3,2038-07-01 00:00:00,387086.6
224,3,3,2039-07-01 00:00:00,337898.8
225,3,3,2040-07-01 00:00:00,296196.1
226,3,3,2041-07-01 00:00:00,272671.5
227,3,3,2042-07-01 00:00:00,253424.09999999998
228,3,3,2043-07-01 00:00:00,239523.19999999998
229,3,3,2044-07-01 00:00:00,226691.6
230,3,3,2045-07-01 00:00:00,215998.59999999998
231,3,3,2046-07-01 00:00:00,207444.19999999998
232,3,3,2047-07-01 00:00:00,196751.19999999998
233,3,3,2048-07-01 00:00:00,188196.8
234,3,3,2049-07-01 00:00:00,179642.4
235,4,1,2024-07-01 00:00:00,2513924.3
236,4,1,2025-07-01 00:00:00,2273331.8
237,4,1,2026-07-01 00:00:00,2056263.9
238,4,1,2027-07-01 00:00:00,1859512.6999999997
239,4,1,2028-07-01 00:00:00,1682008.9
240,4,1,2029-07-01 00:00:00,1521613.9
241,4,1,2030-07-01 00:00:00,1376189.0999999999
242,4,1,2031-07-01 00:00:00,1244665.2
243,4,1,2032-07-01 00:00:00,1124903.5999999999
244,4,1,2033-07-01 00:00:00,1017973.6
245,4,1,2034-07-01 00:00:00,920667.2999999999
246,4,1,2035-07-01 00:00:00,831915.4
247,4,1,2036-07-01 00:00:00,752787.2
248,4,1,2037-07-01 00:00:00,681144.1
249,4,1,2038-07-01 00:00:00,615916.7999999999
250,4,1,2039-07-01 00:00:00,557105.2999999999
251,4,1,2040-07-01 00:00:00,503640.3
252,4,1,2041-07-01 00:00:00,491878
253,4,1,2042-07-01 00:00:00,480115.69999999995
254,4,1,2043-07-01 00:00:00,452313.89999999997
255,4,1,2044-07-01 00:00:00,438412.99999999994
256,4,1,2045-07-01 00:00:00,425581.39999999997
257,4,1,2046-07-01 00:00:00,405264.69999999995
258,4,1,2047-07-01 00:00:00,383878.69999999995
259,4,1,2048-07-01 00:00:00,367839.19999999995
260,4,1,2049-07-01 00:00:00,350730.39999999997
261,4,2,2024-07-01 00:00:00,2513924.3
262,4,2,2025-07-01 00:00:00,2259430.9
263,4,2,2026-07-01 00:00:00,2030600.6999999997
264,4,2,2027-07-01 00:00:00,1825295.0999999999
265,4,2,2028-07-01 00:00:00,1640306.1999999997
266,4,2,2029-07-01 00:00:00,1474564.7
267,4,2,2030-07-01 00:00:00,1324862.7
268,4,2,2031-07-01 00:00:00,1191200.2
269,4,2,2032-07-01 00:00:00,1070369.2999999998
270,4,2,2033-07-01 00:00:00,962369.9999999999
271,4,2,2034-07-01 00:00:00,865063.7
272,4,2,2035-07-01 00:00:00,777381.1
273,4,2,2036-07-01 00:00:00,698252.8999999999
274,4,2,2037-07-01 00:00:00,627679.1
275,4,2,2038-07-01 00:00:00,564590.3999999999
276,4,2,2039-07-01 00:00:00,506848.19999999995
277,4,2,2040-07-01 00:00:00,455521.8
278,4,2,2041-07-01 00:00:00,434135.8
279,4,2,2042-07-01 00:00:00,417027
280,4,2,2043-07-01 00:00:00,398848.89999999997
281,4,2,2044-07-01 00:00:00,382809.39999999997
282,4,2,2045-07-01 00:00:00,368908.49999999994
283,4,2,2046-07-01 00:00:00,357146.19999999995
284,4,2,2047-07-01 00:00:00,345383.89999999997
285,4,2,2048-07-01 00:00:00,334690.9
286,4,2,2049-07-01 00:00:00,317582.1
287,4,3,2024-07-01 00:00:00,2513924.3
288,4,3,2025-07-01 00:00:00,2199550.1
289,4,3,2026-07-01 00:00:00,1923670.7
290,4,3,2027-07-01 00:00:00,1683078.2
291,4,3,2028-07-01 00:00:00,1472426.0999999999
292,4,3,2029-07-01 00:00:00,1288506.5
293,4,3,2030-07-01 00:00:00,1127042.2
294,4,3,2031-07-01 00:00:00,985894.6
295,4,3,2032-07-01 00:00:00,862925.1
296,4,3,2033-07-01 00:00:00,754925.7999999999
297,4,3,2034-07-01 00:00:00,660827.3999999999
298,4,3,2035-07-01 00:00:00,577421.9999999999
299,4,3,2036-07-01 00:00:00,505778.89999999997
300,4,3,2037-07-01 00:00:00,442690.19999999995
301,4,3,2038-07-01 00:00:00,387086.6
302,4,3,2039-07-01 00:00:00,337898.8
303,4,3,2040-07-01 00:00:00,296196.1
304,4,3,2041-07-01 00:00:00,272671.5
305,4,3,2042-07-01 00:00:00,253424.09999999998
306,4,3,2043-07-01 00:00:00,239523.19999999998
307,4,3,2044-07-01 00:00:00,226691.6
308,4,3,2045-07-01 00:00:00,215998.59999999998
309,4,3,2046-07-01 00:00:00,207444.19999999998
310,4,3,2047-07-01 00:00:00,196751.19999999998
311,4,3,2048-07-01 00:00:00,188196.8
312,4,3,2049-07-01 00:00:00,179642.4
313,5,1,2024-07-01 00:00:00,2513924.3
314,5,1,2025-07-01 00:00:00,2273331.8
315,5,1,2026-07-01 00:00:00,2056263.9
316,5,1,2027-07-01 00:00:00,1859512.6999999997
317,5,1,2028-07-01 00:00:00,1682008.9
318,5,1,2029-07-01 00:00:00,1521613.9
319,5,1,2030-07-01 00:00:00,1376189.0999999999
320,5,1,2031-07-01 00:00:00,1244665.2
321,5,1,2032-07-01 00:00:00,1124903.5999999999
322,5,1,2033-07-01 00:00:00,1017973.6
323,5,1,2034-07-01 00:00:00,920667.2999999999
324,5,1,2035-07-01 00:00:00,831915.4
325,5,1,2036-07-01 00:00:00,752787.2
326,5,1,2037-07-01 00:00:00,681144.1
327,5,1,2038-07-01 00:00:00,615916.7999999999
328,5,1,2039-07-01 00:00:00,557105.2999999999
329,5,1,2040-07-01 00:00:00,503640.3
330,5,1,2041-07-01 00:00:00,491878
331,5,1,2042-07-01 00:00:00,480115.69999999995
332,5,1,2043-07-01 00:00:00,452313.89999999997
333,5,1,2044-07-01 00:00:00,438412.99999999994
334,5,1,2045-07-01 00:00:00,425581.39999999997
335,5,1,2046-07-01 00:00:00,405264.69999999995
336,5,1,2047-07-01 00:00:00,383878.69999999995
337,5,1,2048-07-01 00:00:00,367839.19999999995
338,5,1,2049-07-01 00:00:00,350730.39999999997
339,5,2,2024-07-01 00:00:00,2513924.3
340,5,2,2025-07-01 00:00:00,2259430.9
341,5,2,2026-07-01 00:00:00,2030600.6999999997
342,5,2,2027-07-01 00:00:00,1825295.0999999999
343,5,2,2028-07-01 00:00:00,1640306.1999999997
344,5,2,2029-07-01 00:00:00,1474564.7
345,5,2,2030-07-01 00:00:00,1324862.7
346,5,2,2031-07-01 00:00:00,1191200.2
347,5,2,2032-07-01 00:00:00,1070369.2999999998
348,5,2,2033-07-01 00:00:00,962369.9999999999
349,5,2,2034-07-01 00:00:00,865063.7
350,5,2,2035-07-01 00:00:00,777381.1
351,5,2,2036-07-01 00:00:00,698252.8999999999
352,5,2,2037-07-01 00:00:00,627679.1
353,5,2,2038-07-01 00:00:00,564590.3999999999
354,5,2,2039-07-01 00:00:00,506848.19999999995
355,5,2,2040-07-01 00:00:00,455521.8
356,5,2,2041-07-01 00:00:00,434135.8
357,5,2,2042-07-01 00:00:00,417027
358,5,2,2043-07-01 00:00:00,398848.89999999997
359,5,2,2044-07-01 00:00:00,382809.39999999997
360,5,2,2045-07-01 00:00:00,368908.49999999994
361,5,2,2046-07-01 00:00:00,357146.19999999995
362,5,2,2047-07-01 00:00:00,345383.89999999997
363,5,2,2048-07-01 00:00:00,334690.9
364,5,2,2049-07-01 00:00:00,317582.1
365,5,3,2024-07-01 00:00:00,2513924.3
366,5,3,2025-07-01 00:00:00,2199550.1
367,5,3,2026-07-01 00:00:00,1923670.7
368,5,3,2027-07-01 00:00:00,1683078.2
369,5,3,2028-07-01 00:00:00,1472426.0999999999
370,5,3,2029-07-01 00:00:00,1288506.5
371,5,3,2030-07-01 00:00:00,1127042.2
372,5,3,2031-07-01 00:00:00,985894.6
373,5,3,2032-07-01 00:00:00,862925.1
374,5,3,2033-07-01 00:00:00,754925.7999999999
375,5,3,2034-07-01 00:00:00,660827.3999999999
376,5,3,2035-07-01 00:00:00,577421.9999999999
377,5,3,2036-07-01 00:00:00,505778.89999999997
378,5,3,2037-07-01 00:00:00,442690.19999999995
379,5,3,2038-07-01 00:00:00,387086.6
380,5,3,2039-07-01 00:00:00,337898.8
381,5,3,2040-07-01 00:00:00,296196.1
382,5,3,2041-07-01 00:00:00,272671.5
383,5,3,2042-07-01 00:00:00,253424.09999999998
384,5,3,2043-07-01 00:00:00,239523.19999999998
385,5,3,2044-07-01 00:00:00,226691.6
386,5,3,2045-07-01 00:00:00,215998.59999999998
387,5,3,2046-07-01 00:00:00,207444.19999999998
388,5,3,2047-07-01 00:00:00,196751.19999999998
389,5,3,2048-07-01 00:00:00,188196.8
390,5,3,2049-07-01 00:00:00,179642.4
391,6,1,2024-07-01 00:00:00,2513924.3
392,6,1,2025-07-01 00:00:00,2273331.8
393,6,1,2026-07-01 00:00:00,2056263.9
394,6,1,2027-07-01 00:00:00,1859512.6999999997
395,6,1,2028-07-01 00:00:00,1682008.9
396,6,1,2029-07-01 00:00:00,1521613.9
397,6,1,2030-07-01 00:00:00,1376189.0999999999
398,6,1,2031-07-01 00:00:00,1244665.2
399,6,1,2032-07-01 00:00:00,1124903.5999999999
400,6,1,2033-07-01 00:00:00,1017973.6
401,6,1,2034-07-01 00:00:00,920667.2999999999
402,6,1,2035-07-01 00:00:00,831915.4
403,6,1,2036-07-01 00:00:00,752787.2
404,6,1,2037-07-01 00:00:00,681144.1
405,6,1,2038-07-01 00:00:00,615916.7999999999
406,6,1,2039-07-01 00:00:00,557105.2999999999
407,6,1,2040-07-01 00:00:00,503640.3
408,6,1,2041-07-01 00:00:00,491878
409,6,1,2042-07-01 00:00:00,480115.69999999995
410,6,1,2043-07-01 00:00:00,452313.89999999997
411,6,1,2044-07-01 00:00:00,438412.99999999994
412,6,1,2045-07-01 00:00:00,425581.39999999997
413,6,1,2046-07-01 00:00:00,405264.69999999995
414,6,1,2047-07-01 00:00:00,383878.69999999995
415,6,1,2048-07-01 00:00:00,367839.19999999995
416,6,1,2049-07-01 00:00:00,350730.39999999997
417,6,2,2024-07-01 00:00:00,2513924.3
418,6,2,2025-07-01 00:00:00,2259430.9
419,6,2,2026-07-01 00:00:00,2030600.6999999997
420,6,2,2027-07-01 00:00:00,1825295.0999999999
421,6,2,2028-07-01 00:00:00,1640306.1999999997
422,6,2,2029-07-01 00:00:00,1474564.7
423,6,2,2030-07-01 00:00:00,1324862.7
424,6,2,2031-07-01 00:00:00,1191200.2
425,6,2,2032-07-01 00:00:00,1070369.2999999998
426,6,2,2033-07-01 00:00:00,962369.9999999999
427,6,2,2034-07-01 00:00:00,865063.7
428,6,2,2035-07-01 00:00:00,777381.1
429,6,2,2036-07-01 00:00:00,698252.8999999999
430,6,2,2037-07-01 00:00:00,627679.1
431,6,2,2038-07-01 00:00:00,564590.3999999999
432,6,2,2039-07-01 00:00:00,506848.19999999995
433,6,2,2040-07-01 00:00:00,455521.8
434,6,2,2041-07-01 00:00:00,434135.8
435,6,2,2042-07-01 00:00:00,417027
436,6,2,2043-07-01 00:00:00,398848.89999999997
437,6,2,2044-07-01 00:00:00,382809.39999999997
438,6,2,2045-07-01 00:00:00,368908.49999999994
439,6,2,2046-07-01 00:00:00,357146.19999999995
440,6,2,2047-07-01 00:00:00,345383.89999999997
441,6,2,2048-07-01 00:00:00,334690.9
442,6,2,2049-07-01 00:00:00,317582.1
443,6,3,2024-07-01 00:00:00,2513924.3
444,6,3,2025-07-01 00:00:00,2199550.1
445,6,3,2026-07-01 00:00:00,1923670.7
446,6,3,2027-07-01 00:00:00,1683078.2
447,6,3,2028-07-01 00:00:00,1472426.0999999999
448,6,3,2029-07-01 00:00:00,1288506.5
449,6,3,2030-07-01 00:00:00,1127042.2
450,6,3,2031-07-01 00:00:00,985894.6
451,6,3,2032-07-01 00:00:00,862925.1
452,6,3,2033-07-01 00:00:00,754925.7999999999
453,6,3,2034-07-01 00:00:00,660827.3999999999
454,6,3,2035-07-01 00:00:00,577421.9999999999
455,6,3,2036-07-01 00:00:00,505778.89999999997
456,6,3,2037-07-01 00:00:00,442690.19999999995
457,6,3,2038-07-01 00:00:00,387086.6
458,6,3,2039-07-01 00:00:00,337898.8
459,6,3,2040-07-01 00:00:00,296196.1
460,6,3,2041-07-01 00:00:00,272671.5
461,6,3,2042-07-01 00:00:00,253424.09999999998
462,6,3,2043-07-01 00:00:00,239523.19999999998
463,6,3,2044-07-01 00:00:00,226691.6
464,6,3,2045-07-01 00:00:00,215998.59999999998
465,6,3,2046-07-01 00:00:00,207444.19999999998
466,6,3,2047-07-01 00:00:00,196751.19999999998
467,6,3,2048-07-01 00:00:00,188196.8
468,6,3,2049-07-01 00:00:00,179642.4
469,7,1,2024-07-01 00:00:00,2513924.3
470,7,1,2025-07-01 00:00:00,2273331.8
471,7,1,2026-07-01 00:00:00,2056263.9
472,7,1,2027-07-01 00:00:00,1859512.6999999997
473,7,1,2028-07-01 00:00:00,1682008.9
474,7,1,2029-07-01 00:00:00,1521613.9
475,7,1,2030-07-01 00:00:00,1376189.0999999999
476,7,1,2031-07-01 00:00:00,1244665.2
477,7,1,2032-07-01 00:00:00,1124903.5999999999
478,7,1,2033-07-01 00:00:00,1017973.6
479,7,1,2034-07-01 00:00:00,920667.2999999999
480,7,1,2035-07-01 00:00:00,831915.4
481,7,1,2036-07-01 00:00:00,752787.2
482,7,1,2037-07-01 00:00:00,681144.1
483,7,1,2038-07-01 00:00:00,615916.7999999999
484,7,1,2039-07-01 00:00:00,557105.2999999999
485,7,1,2040-07-01 00:00:00,503640.3
486,7,1,2041-07-01 00:00:00,491878
487,7,1,2042-07-01 00:00:00,480115.69999999995
488,7,1,2043-07-01 00:00:00,452313.89999999997
489,7,1,2044-07-01 00:00:00,438412.99999999994
490,7,1,2045-07-01 00:00:00,425581.39999999997
491,7,1,2046-07-01 00:00:00,405264.69999999995
492,7,1,2047-07-01 00:00:00,383878.69999999995
493,7,1,2048-07-01 00:00:00,367839.19999999995
494,7,1,2049-07-01 00:00:00,350730.39999999997
495,7,2,2024-07-01 00:00:00,2513924.3
496,7,2,2025-07-01 00:00:00,2259430.9
497,7,2,2026-07-01 00:00:00,2030600.6999999997
498,7,2,2027-07-01 00:00:00,1825295.0999999999
499,7,2,2028-07-01 00:00:00,1640306.1999999997
500,7,2,2029-07-01 00:00:00,1474564.7
501,7,2,2030-07-01 00:00:00,1324862.7
502,7,2,2031-07-01 00:00:00,1191200.2
503,7,2,2032-07-01 00:00:00,1070369.2999999998
504,7,2,2033-07-01 00:00:00,962369.9999999999
505,7,2,2034-07-01 00:00:00,865063.7
506,7,2,2035-07-01 00:00:00,777381.1
507,7,2,2036-07-01 00:00:00,698252.8999999999
508,7,2,2037-07-01 00:00:00,627679.1
509,7,2,2038-07-01 00:00:00,564590.3999999999
510,7,2,2039-07-01 00:00:00,506848.19999999995
511,7,2,2040-07-01 00:00:00,455521.8
512,7,2,2041-07-01 00:00:00,434135.8
513,7,2,2042-07-01 00:00:00,417027
514,7,2,2043-07-01 00:00:00,398848.89999999997
515,7,2,2044-07-01 00:00:00,382809.39999999997
516,7,2,2045-07-01 00:00:00,368908.49999999994
517,7,2,2046-07-01 00:00:00,357146.19999999995
518,7,2,2047-07-01 00:00:00,345383.89999999997
519,7,2,2048-07-01 00:00:00,334690.9
520,7,2,2049-07-01 00:00:00,317582.1
521,7,3,2024-07-01 00:00:00,2513924.3
522,7,3,2025-07-01 00:00:00,2199550.1
523,7,3,2026-07-01 00:00:00,1923670.7
524,7,3,2027-07-01 00:00:00,1683078.2
525,7,3,2028-07-01 00:00:00,1472426.0999999999
526,7,3,2029-07-01 00:00:00,1288506.5
527,7,3,2030-07-01 00:00:00,1127042.2
528,7,3,2031-07-01 00:00:00,985894.6
529,7,3,2032-07-01 00:00:00,862925.1
530,7,3,2033-07-01 00:00:00,754925.7999999999
531,7,3,2034-07-01 00:00:00,660827.3999999999
532,7,3,2035-07-01 00:00:00,577421.9999999999
533,7,3,2036-07-01 00:00:00,505778.89999999997
534,7,3,2037-07-01 00:00:00,442690.19999999995
535,7,3,2038-07-01 00:00:00,387086.6
536,7,3,2039-07-01 00:00:00,337898.8
537,7,3,2040-07-01 00:00:00,296196.1
538,7,3,2041-07-01 00:00:00,272671.5
539,7,3,2042-07-01 00:00:00,253424.09999999998
540,7,3,2043-07-01 00:00:00,239523.19999999998
541,7,3,2044-07-01 00:00:00,226691.6
542,7,3,2045-07-01 00:00:00,215998.59999999998
543,7,3,2046-07-01 00:00:00,207444.19999999998
544,7,3,2047-07-01 00:00:00,196751.19999999998
545,7,3,2048-07-01 00:00:00,188196.8
546,7,3,2049-07-01 00:00:00,179642.4
547,8,1,2024-07-01 00:00:00,2513924.3
548,8,1,2025-07-01 00:00:00,2273331.8
549,8,1,2026-07-01 00:00:00,2056263.9
550,8,1,2027-07-01 00:00:00,1859512.6999999997
551,8,1,2028-07-01 00:00:00,1682008.9
552,8,1,2029-07-01 00:00:00,1521613.9
553,8,1,2030-07-01 00:00:00,1376189.0999999999
554,8,1,2031-07-01 00:00:00,1244665.2
555,8,1,2032-07-01 00:00:00,1124903.5999999999
556,8,1,2033-07-01 00:00:00,1017973.6
557,8,1,2034-07-01 00:00:00,920667.2999999999
558,8,1,2035-07-01 00:00:00,831915.4
559,8,1,2036-07-01 00:00:00,752787.2
560,8,1,2037-07-01 00:00:00,681144.1
561,8,1,2038-07-01 00:00:00,615916.7999999999
562,8,1,2039-07-01 00:00:00,557105.2999999999
563,8,1,2040-07-01 00:00:00,503640.3
564,8,1,2041-07-01 00:00:00,491878
565,8,1,2042-07-01 00:00:00,480115.69999999995
566,8,1,2043-07-01 00:00:00,452313.89999999997
567,8,1,2044-07-01 00:00:00,438412.99999999994
568,8,1,2045-07-01 00:00:00,425581.39999999997
569,8,1,2046-07-01 00:00:00,405264.69999999995
570,8,1,2047-07-01 00:00:00,383878.69999999995
571,8,1,2048-07-01 00:00:00,367839.19999999995
572,8,1,2049-07-01 00:00:00,350730.39999999997
573,8,2,2024-07-01 00:00:00,2513924.3
574,8,2,2025-07-01 00:00:00,2259430.9
575,8,2,2026-07-01 00:00:00,2030600.6999999997
576,8,2,2027-07-01 00:00:00,1825295.0999999999
577,8,2,2028-07-01 00:00:00,1640306.1999999997
578,8,2,2029-07-01 00:00:00,1474564.7
579,8,2,2030-07-01 00:00:00,1324862.7
580,8,2,2031-07-01 00:00:00,1191200.2
581,8,2,2032-07-01 00:00:00,1070369.2999999998
582,8,2,2033-07-01 00:00:00,962369.9999999999
583,8,2,2034-07-01 00:00:00,865063.7
584,8,2,2035-07-01 00:00:00,777381.1
585,8,2,2036-07-01 00:00:00,698252.8999999999
586,8,2,2037-07-01 00:00:00,627679.1
587,8,2,2038-07-01 00:00:00,564590.3999999999
588,8,2,2039-07-01 00:00:00,506848.19999999995
589,8,2,2040-07-01 00:00:00,455521.8
590,8,2,2041-07-01 00:00:00,434135.8
591,8,2,2042-07-01 00:00:00,417027
592,8,2,2043-07-01 00:00:00,398848.89999999997
593,8,2,2044-07-01 00:00:00,382809.39999999997
594,8,2,2045-07-01 00:00:00,368908.49999999994
595,8,2,2046-07-01 00:00:00,357146.19999999995
596,8,2,2047-07-01 00:00:00,345383.89999999997
597,8,2,2048-07-01 00:00:00,334690.9
598,8,2,2049-07-01 00:00:00,317582.1
599,8,3,2024-07-01 00:00:00,2513924.3
600,8,3,2025-07-01 00:00:00,2199550.1
601,8,3,2026-07-01 00:00:00,1923670.7
602,8,3,2027-07-01 00:00:00,1683078.2
603,8,3,2028-07-01 00:00:00,1472426.0999999999
604,8,3,2029-07-01 00:00:00,1288506.5
605,8,3,2030-07-01 00:00:00,1127042.2
606,8,3,2031-07-01 00:00:00,985894.6
607,8,3,2032-07-01 00:00:00,862925.1
608,8,3,2033-07-01 00:00:00,754925.7999999999
609,8,3,2034-07-01 00:00:00,660827.3999999999
610,8,3,2035-07-01 00:00:00,577421.9999999999
611,8,3,2036-07-01 00:00:00,505778.89999999997
612,8,3,2037-07-01 00:00:00,442690.19999999995
613,8,3,2038-07-01 00:00:00,387086.6
614,8,3,2039-07-01 00:00:00,337898.8
615,8,3,2040-07-01 00:00:00,296196.1
616,8,3,2041-07-01 00:00:00,272671.5
617,8,3,2042-07-01 00:00:00,253424.09999999998
618,8,3,2043-07-01 00:00:00,239523.19999999998
619,8,3,2044-07-01 00:00:00,226691.6
620,8,3,2045-07-01 00:00:00,215998.59999999998
621,8,3,2046-07-01 00:00:00,207444.19999999998
622,8,3,2047-07-01 00:00:00,196751.19999999998
623,8,3,2048-07-01 00:00:00,188196.8
624,8,3,2049-07-01 00:00:00,179642.4
625,9,1,2024-07-01 00:00:00,2513924.3
626,9,1,2025-07-01 00:00:00,2273331.8
627,9,1,2026-07-01 00:00:00,2056263.9
628,9,1,2027-07-01 00:00:00,1859512.6999999997
629,9,1,2028-07-01 00:00:00,1682008.9
630,9,1,2029-07-01 00:00:00,1521613.9
631,9,1,2030-07-01 00:00:00,1376189.0999999999
632,9,1,2031-07-01 00:00:00,1244665.2
633,9,1,2032-07-01 00:00:00,1124903.5999999999
634,9,1,2033-07-01 00:00:00,1017973.6
635,9,1,2034-07-01 00:00:00,920667.2999999999
636,9,1,2035-07-01 00:00:00,831915.4
637,9,1,2036-07-01 00:00:00,752787.2
638,9,1,2037-07-01 00:00:00,681144.1
639,9,1,2038-07-01 00:00:00,615916.7999999999
640,9,1,2039-07-01 00:00:00,557105.2999999999
641,9,1,2040-07-01 00:00:00,503640.3
642,9,1,2041-07-01 00:00:00,491878
643,9,1,2042-07-01 00:00:00,480115.69999999995
644,9,1,2043-07-01 00:00:00,452313.89999999997
645,9,1,2044-07-01 00:00:00,438412.99999999994
646,9,1,2045-07-01 00:00:00,425581.39999999997
647,9,1,2046-07-01 00:00:00,405264.69999999995
648,9,1,2047-07-01 00:00:00,383878.69999999995
649,9,1,2048-07-01 00:00:00,367839.19999999995
650,9,1,2049-07-01 00:00:00,350730.39999999997
651,9,2,2024-07-01 00:00:00,2513924.3
652,9,2,2025-07-01 00:00:00,2259430.9
653,9,2,2026-07-01 00:00:00,2030600.6999999997
654,9,2,2027-07-01 00:00:00,1825295.0999999999
655,9,2,2028-07-01 00:00:00,1640306.1999999997
656,9,2,2029-07-01 00:00:00,1474564.7
657,9,2,2030-07-01 00:00:00,1324862.7
658,9,2,2031-07-01 00:00:00,1191200.2
659,9,2,2032-07-01 00:00:00,1070369.2999999998
660,9,2,2033-07-01 00:00:00,962369.9999999999
661,9,2,2034-07-01 00:00:00,865063.7
662,9,2,2035-07-01 00:00:00,777381.1
663,9,2,2036-07-01 00:00:00,698252.8999999999
664,9,2,2037-07-01 00:00:00,627679.1
665,9,2,2038-07-01 00:00:00,564590.3999999999
666,9,2,2039-07-01 00:00:00,506848.19999999995
667,9,2,2040-07-01 00:00:00,455521.8
668,9,2,2041-07-01 00:00:00,434135.8
669,9,2,2042-07-01 00:00:00,417027
670,9,2,2043-07-01 00:00:00,398848.89999999997
671,9,2,2044-07-01 00:00:00,382809.39999999997
672,9,2,2045-07-01 00:00:00,368908.49999999994
673,9,2,2046-07-01 00:00:00,357146.19999999995
674,9,2,2047-07-01 00:00:00,345383.89999999997
675,9,2,2048-07-01 00:00:00,334690.9
676,9,2,2049-07-01 00:00:00,317582.1
677,9,3,2024-07-01 00:00:00,2513924.3
678,9,3,2025-07-01 00:00:00,2199550.1
679,9,3,2026-07-01 00:00:00,1923670.7
680,9,3,2027-07-01 00:00:00,1683078.2
681,9,3,2028-07-01 00:00:00,1472426.0999999999
682,9,3,2029-07-01 00:00:00,1288506.5
683,9,3,2030-07-01 00:00:00,1127042.2
684,9,3,2031-07-01 00:00:00,985894.6
685,9,3,2032-07-01 00:00:00,862925.1
686,9,3,2033-07-01 00:00:00,754925.7999999999
687,9,3,2034-07-01 00:00:00,660827.3999999999
688,9,3,2035-07-01 00:00:00,577421.9999999999
689,9,3,2036-07-01 00:00:00,505778.89999999997
690,9,3,2037-07-01 00:00:00,442690.19999999995
691,9,3,2038-07-01 00:00:00,387086.6
692,9,3,2039-07-01 00:00:00,337898.8
693,9,3,2040-07-01 00:00:00,296196.1
694,9,3,2041-07-01 00:00:00,272671.5
695,9,3,2042-07-01 00:00:00,253424.09999999998
696,9,3,2043-07-01 00:00:00,239523.19999999998
697,9,3,2044-07-01 00:00:00,226691.6
698,9,3,2045-07-01 00:00:00,215998.59999999998
699,9,3,2046-07-01 00:00:00,207444.19999999998
700,9,3,2047-07-01 00:00:00,196751.19999999998
701,9,3,2048-07-01 00:00:00,188196.8
702,9,3,2049-07-01 00:00:00,179642.4
703,10,1,2024-07-01 00:00:00,2513924.3
704,10,1,2025-07-01 00:00:00,2273331.8
705,10,1,2026-07-01 00:00:00,2056263.9
706,10,1,2027-07-01 00:00:00,1859512.6999999997
707,10,1,2028-07-01 00:00:00,1682008.9
708,10,1,2029-07-01 00:00:00,1521613.9
709,10,1,2030-07-01 00:00:00,1376189.0999999999
710,10,1,2031-07-01 00:00:00,1244665.2
711,10,1,2032-07-01 00:00:00,1124903.5999999999
712,10,1,2033-07-01 00:00:00,1017973.6
713,10,1,2034-07-01 00:00:00,920667.2999999999
714,10,1,2035-07-01 00:00:00,831915.4
715,10,1,2036-07-01 00:00:00,752787.2
716,10,1,2037-07-01 00:00:00,681144.1
717,10,1,2038-07-01 00:00:00,615916.7999999999
718,10,1,2039-07-01 00:00:00,557105.2999999999
719,10,1,2040-07-01 00:00:00,503640.3
720,10,1,2041-07-01 00:00:00,491878
721,10,1,2042-07-01 00:00:00,480115.69999999995
722,10,1,2043-07-01 00:00:00,452313.89999999997
723,10,1,2044-07-01 00:00:00,438412.99999999994
724,10,1,2045-07-01 00:00:00,425581.39999999997
725,10,1,2046-07-01 00:00:00,405264.69999999995
726,10,1,2047-07-01 00:00:00,383878.69999999995
727,10,1,2048-07-01 00:00:00,367839.19999999995
728,10,1,2049-07-01 00:00:00,350730.39999999997
729,10,2,2024-07-01 00:00:00,2513924.3
730,10,2,2025-07-01 00:00:00,2259430.9
731,10,2,2026-07-01 00:00:00,2030600.6999999997
732,10,2,2027-07-01 00:00:00,1825295.0999999999
733,10,2,2028-07-01 00:00:00,1640306.1999999997
734,10,2,2029-07-01 00:00:00,1474564.7
735,10,2,2030-07-01 00:00:00,1324862.7
736,10,2,2031-07-01 00:00:00,1191200.2
737,10,2,2032-07-01 00:00:00,1070369.2999999998
738,10,2,2033-07-01 00:00:00,962369.9999999999
739,10,2,2034-07-01 00:00:00,865063.7
740,10,2,2035-07-01 00:00:00,777381.1
741,10,2,2036-07-01 00:00:00,698252.8999999999
742,10,2,2037-07-01 00:00:00,627679.1
743,10,2,2038-07-01 00:00:00,564590.3999999999
744,10,2,2039-07-01 00:00:00,506848.19999999995
745,10,2,2040-07-01 00:00:00,455521.8
746,10,2,2041-07-01 00:00:00,434135.8
747,10,2,2042-07-01 00:00:00,417027
748,10,2,2043-07-01 00:00:00,398848.89999999997
749,10,2,2044-07-01 00:00:00,382809.39999999997
750,10,2,2045-07-01 00:00:00,368908.49999999994
751,10,2,2046-07-01 00:00:00,357146.19999999995
752,10,2,2047-07-01 00:00:00,345383.89999999997
753,10,2,2048-07-01 00:00:00,334690.9
754,10,2,2049-07-01 00:00:00,317582.1
755,10,3,2024-07-01 00:00:00,2513924.3
756,10,3,2025-07-01 00:00:00,2199550.1
757,10,3,2026-07-01 00:00:00,1923670.7
758,10,3,2027-07-01 00:00:00,1683078.2
759,10,3,2028-07-01 00:00:00,1472426.0999999999
760,10,3,2029-07-01 00:00:00,1288506.5
761,10,3,2030-07-01 00:00:00,1127042.2
762,10,3,2031-07-01 00:00:00,985894.6
763,10,3,2032-07-01 00:00:00,862925.1
764,10,3,2033-07-01 00:00:00,754925.7999999999
765,10,3,2034-07-01 00:00:00,660827.3999999999
766,10,3,2035-07-01 00:00:00,577421.9999999999
767,10,3,2036-07-01 00:00:00,505778.89999999997
768,10,3,2037-07-01 00:00:00,442690.19999999995
769,10,3,2038-07-01 00:00:00,387086.6
770,10,3,2039-07-01 00:00:00,337898.8
771,10,3,2040-07-01 00:00:00,296196.1
772,10,3,2041-07-01 00:00:00,272671.5
773,10,3,2042-07-01 00:00:00,253424.09999999998
774,10,3,2043-07-01 00:00:00,239523.19999999998
775,10,3,2044-07-01 00:00:00,226691.6
776,10,3,2045-07-01 00:00:00,215998.59999999998
777,10,3,2046-07-01 00:00:00,207444.19999999998
778,10,3,2047-07-01 00:00:00,196751.19999999998
779,10,3,2048-07-01 00:00:00,188196.8
780,10,3,2049-07-01 00:00:00,179642.4
781,11,1,2024-07-01 00:00:00,2513924.3
782,11,1,2025-07-01 00:00:00,2273331.8
783,11,1,2026-07-01 00:00:00,2056263.9
784,11,1,2027-07-01 00:00:00,1859512.6999999997
785,11,1,2028-07-01 00:00:00,1682008.9
786,11,1,2029-07-01 00:00:00,1521613.9
787,11,1,2030-07-01 00:00:00,1376189.0999999999
788,11,1,2031-07-01 00:00:00,1244665.2
789,11,1,2032-07-01 00:00:00,1124903.5999999999
790,11,1,2033-07-01 00:00:00,1017973.6
791,11,1,2034-07-01 00:00:00,920667.2999999999
792,11,1,2035-07-01 00:00:00,831915.4
793,11,1,2036-07-01 00:00:00,752787.2
794,11,1,2037-07-01 00:00:00,681144.1
795,11,1,2038-07-01 00:00:00,615916.7999999999
796,11,1,2039-07-01 00:00:00,557105.2999999999
797,11,1,2040-07-01 00:00:00,503640.3
798,11,1,2041-07-01 00:00:00,491878
799,11,1,2042-07-01 00:00:00,480115.69999999995
800,11,1,2043-07-01 00:00:00,452313.89999999997
801,11,1,2044-07-01 00:00:00,438412.99999999994
802,11,1,2045-07-01 00:00:00,425581.39999999997
803,11,1,2046-07-01 00:00:00,405264.69999999995
804,11,1,2047-07-01 00:00:00,383878.69999999995
805,11,1,2048-07-01 00:00:00,367839.19999999995
806,11,1,2049-07-01 00:00:00,350730.39999999997
807,11,2,2024-07-01 00:00:00,2513924.3
808,11,2,2025-07-01 00:00:00,2259430.9
809,11,2,2026-07-01 00:00:00,2030600.6999999997
810,11,2,2027-07-01 00:00:00,1825295.0999999999
811,11,2,2028-07-01 00:00:00,1640306.1999999997
812,11,2,2029-07-01 00:00:00,1474564.7
813,11,2,2030-07-01 00:00:00,1324862.7
814,11,2,2031-07-01 00:00:00,1191200.2
815,11,2,2032-07-01 00:00:00,1070369.2999999998
816,11,2,2033-07-01 00:00:00,962369.9999999999
817,11,2,2034-07-01 00:00:00,865063.7
818,11,2,2035-07-01 00:00:00,777381.1
819,11,2,2036-07-01 00:00:00,698252.8999999999
820,11,2,2037-07-01 00:00:00,627679.1
821,11,2,2038-07-01 00:00:00,564590.3999999999
822,11,2,2039-07-01 00:00:00,506848.19999999995
823,11,2,2040-07-01 00:00:00,455521.8
824,11,2,2041-07-01 00:00:00,434135.8
825,11,2,2042-07-01 00:00:00,417027
826,11,2,2043-07-01 00:00:00,398848.89999999997
827,11,2,2044-07-01 00:00:00,382809.39999999997
828,11,2,2045-07-01 00:00:00,368908.49999999994
829,11,2,2046-07-01 00:00:00,357146.19999999995
830,11,2,2047-07-01 00:00:00,345383.89999999997
831,11,2,2048-07-01 00:00:00,334690.9
832,11,2,2049-07-01 00:00:00,317582.1
833,11,3,2024-07-01 00:00:00,2513924.3
834,11,3,2025-07-01 00:00:00,2199550.1
835,11,3,2026-07-01 00:00:00,1923670.7
836,11,3,2027-07-01 00:00:00,1683078.2
837,11,3,2028-07-01 00:00:00,1472426.0999999999
838,11,3,2029-07-01 00:00:00,1288506.5
839,11,3,2030-07-01 00:00:00,1127042.2
840,11,3,2031-07-01 00:00:00,985894.6
841,11,3,2032-07-01 00:00:00,862925.1
842,11,3,2033-07-01 00:00:00,754925.7999999999
843,11,3,2034-07-01 00:00:00,660827.3999999999
844,11,3,2035-07-01 00:00:00,577421.9999999999
845,11,3,2036-07-01 00:00:00,505778.89999999997
846,11,3,2037-07-01 00:00:00,442690.19999999995
847,11,3,2038-07-01 00:00:00,387086.6
848,11,3,2039-07-01 00:00:00,337898.8
849,11,3,2040-07-01 00:00:00,296196.1
850,11,3,2041-07-01 00:00:00,272671.5
851,11,3,2042-07-01 00:00:00,253424.09999999998
852,11,3,2043-07-01 00:00:00,239523.19999999998
853,11,3,2044-07-01 00:00:00,226691.6
854,11,3,2045-07-01 00:00:00,215998.59999999998
855,11,3,2046-07-01 00:00:00,207444.19999999998
856,11,3,2047-07-01 00:00:00,196751.19999999998
857,11,3,2048-07-01 00:00:00,188196.8
858,11,3,2049-07-01 00:00:00,179642.4
859,12,1,2024-07-01 00:00:00,2513924.3
860,12,1,2025-07-01 00:00:00,2273331.8
861,12,1,2026-07-01 00:00:00,2056263.9
862,12,1,2027-07-01 00:00:00,1859512.6999999997
863,12,1,2028-07-01 00:00:00,1682008.9
864,12,1,2029-07-01 00:00:00,1521613.9
865,12,1,2030-07-01 00:00:00,1376189.0999999999
866,12,1,2031-07-01 00:00:00,1244665.2
867,12,1,2032-07-01 00:00:00,1124903.5999999999
868,12,1,2033-07-01 00:00:00,1017973.6
869,12,1,2034-07-01 00:00:00,920667.2999999999
870,12,1,2035-07-01 00:00:00,831915.4
871,12,1,2036-07-01 00:00:00,752787.2
872,12,1,2037-07-01 00:00:00,681144.1
873,12,1,2038-07-01 00:00:00,615916.7999999999
874,12,1,2039-07-01 00:00:00,557105.2999999999
875,12,1,2040-07-01 00:00:00,503640.3
876,12,1,2041-07-01 00:00:00,491878
877,12,1,2042-07-01 00:00:00,480115.69999999995
878,12,1,2043-07-01 00:00:00,452313.89999999997
879,12,1,2044-07-01 00:00:00,438412.99999999994
880,12,1,2045-07-01 00:00:00,425581.39999999997
881,12,1,2046-07-01 00:00:00,405264.69999999995
882,12,1,2047-07-01 00:00:00,383878.69999999995
883,12,1,2048-07-01 00:00:00,367839.19999999995
884,12,1,2049-07-01 00:00:00,350730.39999999997
885,12,2,2024-07-01 00:00:00,2513924.3
886,12,2,2025-07-01 00:00:00,2259430.9
887,12,2,2026-07-01 00:00:00,2030600.6999999997
888,12,2,2027-07-01 00:00:00,1825295.0999999999
889,12,2,2028-07-01 00:00:00,1640306.1999999997
890,12,2,2029-07-01 00:00:00,1474564.7
891,12,2,2030-07-01 00:00:00,1324862.7
892,12,2,2031-07-01 00:00:00,1191200.2
893,12,2,2032-07-01 00:00:00,1070369.2999999998
894,12,2,2033-07-01 00:00:00,962369.9999999999
895,12,2,2034-07-01 00:00:00,865063.7
896,12,2,2035-07-01 00:00:00,777381.1
897,12,2,2036-07-01 00:00:00,698252.8999999999
898,12,2,2037-07-01 00:00:00,627679.1
899,12,2,2038-07-01 00:00:00,564590.3999999999
900,12,2,2039-07-01 00:00:00,506848.19999999995
901,12,2,2040-07-01 00:00:00,455521.8
902,12,2,2041-07-01 00:00:00,434135.8
903,12,2,2042-07-01 00:00:00,417027
904,12,2,2043-07-01 00:00:00,398848.89999999997
905,12,2,2044-07-01 00:00:00,382809.39999999997
906,12,2,2045-07-01 00:00:00,368908.49999999994
907,12,2,2046-07-01 00:00:00,357146.19999999995
908,12,2,2047-07-01 00:00:00,345383.89999999997
909,12,2,2048-07-01 00:00:00,334690.9
910,12,2,2049-07-01 00:00:00,317582.1
911,12,3,2024-07-01 00:00:00,2513924.3
912,12,3,2025-07-01 00:00:00,2199550.1
913,12,3,2026-07-01 00:00:00,1923670.7
914,12,3,2027-07-01 00:00:00,1683078.2
915,12,3,2028-07-01 00:00:00,1472426.0999999999
916,12,3,2029-07-01 00:00:00,1288506.5
917,12,3,2030-07-01 00:00:00,1127042.2
918,12,3,2031-07-01 00:00:00,985894.6
919,12,3,2032-07-01 00:00:00,862925.1
920,12,3,2033-07-01 00:00:00,754925.7999999999
921,12,3,2034-07-01 00:00:00,660827.3999999999
922,12,3,2035-07-01 00:00:00,577421.9999999999
923,12,3,2036-07-01 00:00:00,505778.89999999997
924,12,3,2037-07-01 00:00:00,442690.19999999995
925,12,3,2038-07-01 00:00:00,387086.6
926,12,3,2039-07-01 00:00:00,337898.8
927,12,3,2040-07-01 00:00:00,296196.1
928,12,3,2041-07-01 00:00:00,272671.5
929,12,3,2042-07-01 00:00:00,253424.09999999998
930,12,3,2043-07-01 00:00:00,239523.19999999998
931,12,3,2044-07-01 00:00:00,226691.6
932,12,3,2045-07-01 00:00:00,215998.59999999998
933,12,3,2046-07-01 00:00:00,207444.19999999998
934,12,3,2047-07-01 00:00:00,196751.19999999998
935,12,3,2048-07-01 00:00:00,188196.8
936,12,3,2049-07-01 00:00:00,179642.4
937,13,1,2024-07-01 00:00:00,2513924.3
938,13,1,2025-07-01 00:00:00,2273331.8
939,13,1,2026-07-01 00:00:00,2056263.9
940,13,1,2027-07-01 00:00:00,1859512.6999999997
941,13,1,2028-07-01 00:00:00,1682008.9
942,13,1,2029-07-01 00:00:00,1521613.9
943,13,1,2030-07-01 00:00:00,1376189.0999999999
944,13,1,2031-07-01 00:00:00,1244665.2
945,13,1,2032-07-01 00:00:00,1124903.5999999999
946,13,1,2033-07-01 00:00:00,1017973.6
947,13,1,2034-07-01 00:00:00,920667.2999999999
948,13,1,2035-07-01 00:00:00,831915.4
949,13,1,2036-07-01 00:00:00,752787.2
950,13,1,2037-07-01 00:00:00,681144.1
951,13,1,2038-07-01 00:00:00,615916.7999999999
952,13,1,2039-07-01 00:00:00,557105.2999999999
953,13,1,2040-07-01 00:00:00,503640.3
954,13,1,2041-07-01 00:00:00,491878
955,13,1,2042-07-01 00:00:00,480115.69999999995
956,13,1,2043-07-01 00:00:00,452313.89999999997
957,13,1,2044-07-01 00:00:00,438412.99999999994
958,13,1,2045-07-01 00:00:00,425581.39999999997
959,13,1,2046-07-01 00:00:00,405264.69999999995
960,13,1,2047-07-01 00:00:00,383878.69999999995
961,13,1,2048-07-01 00:00:00,367839.19999999995
962,13,1,2049-07-01 00:00:00,350730.39999999997
963,13,2,2024-07-01 00:00:00,2513924.3
964,13,2,2025-07-01 00:00:00,2259430.9
965,13,2,2026-07-01 00:00:00,2030600.6999999997
966,13,2,2027-07-01 00:00:00,1825295.0999999999
967,13,2,2028-07-01 00:00:00,1640306.1999999997
968,13,2,2029-07-01 00:00:00,1474564.7
969,13,2,2030-07-01 00:00:00,1324862.7
970,13,2,2031-07-01 00:00:00,1191200.2
971,13,2,2032-07-01 00:00:00,1070369.2999999998
972,13,2,2033-07-01 00:00:00,962369.9999999999
973,13,2,2034-07-01 00:00:00,865063.7
974,13,2,2035-07-01 00:00:00,777381.1
975,13,2,2036-07-01 00:00:00,698252.8999999999
976,13,2,2037-07-01 00:00:00,627679.1
977,13,2,2038-07-01 00:00:00,564590.3999999999
978,13,2,2039-07-01 00:00:00,506848.19999999995
979,13,2,2040-07-01 00:00:00,455521.8
980,13,2,2041-07-01 00:00:00,434135.8
981,13,2,2042-07-01 00:00:00,417027
982,13,2,2043-07-01 00:00:00,398848.89999999997
983,13,2,2044-07-01 00:00:00,382809.39999999997
984,13,2,2045-07-01 00:00:00,368908.49999999994
985,13,2,2046-07-01 00:00:00,357146.19999999995
986,13,2,2047-07-01 00:00:00,345383.89999999997
987,13,2,2048-07-01 00:00:00,334690.9
988,13,2,2049-07-01 00:00:00,317582.1
989,13,3,2024-07-01 00:00:00,2513924.3
990,13,3,2025-07-01 00:00:00,2199550.1
991,13,3,2026-07-01 00:00:00,1923670.7
992,13,3,2027-07-01 00:00:00,1683078.2
993,13,3,2028-07-01 00:00:00,1472426.0999999999
994,13,3,2029-07-01 00:00:00,1288506.5
995,13,3,2030-07-01 00:00:00,1127042.2
996,13,3,2031-07-01 00:00:00,985894.6
997,13,3,2032-07-01 00:00:00,862925.1
998,13,3,2033-07-01 00:00:00,754925.7999999999
999,13,3,2034-07-01 00:00:00,660827.3999999999
1000,13,3,2035-07-01 00:00:00,577421.9999999999
1001,13,3,2036-07-01 00:00:00,505778.89999999997
1002,13,3,2037-07-01 00:00:00,442690.19999999995
1003,13,3,2038-07-01 00:00:00,387086.6
1004,13,3,2039-07-01 00:00:00,337898.8
1005,13,3,2040-07-01 00:00:00,296196.1
1006,13,3,2041-07-01 00:00:00,272671.5
1007,13,3,2042-07-01 00:00:00,253424.09999999998
1008,13,3,2043-07-01 00:00:00,239523.19999999998
1009,13,3,2044-07-01 00:00:00,226691.6
1010,13,3,2045-07-01 00:00:00,215998.59999999998
1011,13,3,2046-07-01 00:00:00,207444.19999999998
1012,13,3,2047-07-01 00:00:00,196751.19999999998
1013,13,3,2048-07-01 00:00:00,188196.8
1014,13,3,2049-07-01 00:00:00,179642.4
1015,14,1,2024-07-01 00:00:00,2513924.3
1016,14,1,2025-07-01 00:00:00,2273331.8
1017,14,1,2026-07-01 00:00:00,2056263.9
1018,14,1,2027-07-01 00:00:00,1859512.6999999997
1019,14,1,2028-07-01 00:00:00,1682008.9
1020,14,1,2029-07-01 00:00:00,1521613.9
1021,14,1,2030-07-01 00:00:00,1376189.0999999999
1022,14,1,2031-07-01 00:00:00,1244665.2
1023,14,1,2032-07-01 00:00:00,1124903.5999999999
1024,14,1,2033-07-01 00:00:00,1017973.6
1025,14,1,2034-07-01 00:00:00,920667.2999999999
1026,14,1,2035-07-01 00:00:00,831915.4
1027,14,1,2036-07-01 00:00:00,752787.2
1028,14,1,2037-07-01 00:00:00,681144.1
1029,14,1,2038-07-01 00:00:00,615916.7999999999
1030,14,1,2039-07-01 00:00:00,557105.2999999999
1031,14,1,2040-07-01 00:00:00,503640.3
1032,14,1,2041-07-01 00:00:00,491878
1033,14,1,2042-07-01 00:00:00,480115.69999999995
1034,14,1,2043-07-01 00:00:00,452313.89999999997
1035,14,1,2044-07-01 00:00:00,438412.99999999994
1036,14,1,2045-07-01 00:00:00,425581.39999999997
1037,14,1,2046-07-01 00:00:00,405264.69999999995
1038,14,1,2047-07-01 00:00:00,383878.69999999995
1039,14,1,2048-07-01 00:00:00,367839.19999999995
1040,14,1,2049-07-01 00:00:00,350730.39999999997
1041,14,2,2024-07-01 00:00:00,2513924.3
1042,14,2,2025-07-01 00:00:00,2259430.9
1043,14,2,2026-07-01 00:00:00,2030600.6999999997
1044,14,2,2027-07-01 00:00:00,1825295.0999999999
1045,14,2,2028-07-01 00:00:00,1640306.1999999997
1046,14,2,2029-07-01 00:00:00,1474564.7
1047,14,2,2030-07-01 00:00:00,1324862.7
1048,14,2,2031-07-01 00:00:00,1191200.2
1049,14,2,2032-07-01 00:00:00,1070369.2999999998
1050,14,2,2033-07-01 00:00:00,962369.9999999999
1051,14,2,2034-07-01 00:00:00,865063.7
1052,14,2,2035-07-01 00:00:00,777381.1
1053,14,2,2036-07-01 00:00:00,698252.8999999999
1054,14,2,2037-07-01 00:00:00,627679.1
1055,14,2,2038-07-01 00:00:00,564590.3999999999
1056,14,2,2039-07-01 00:00:00,506848.19999999995
1057,14,2,2040-07-01 00:00:00,455521.8
1058,14,2,2041-07-01 00:00:00,434135.8
1059,14,2,2042-07-01 00:00:00,417027
1060,14,2,2043-07-01 00:00:00,398848.89999999997
1061,14,2,2044-07-01 00:00:00,382809.39999999997
1062,14,2,2045-07-01 00:00:00,368908.49999999994
1063,14,2,2046-07-01 00:00:00,357146.19999999995
1064,14,2,2047-07-01 00:00:00,345383.89999999997
1065,14,2,2048-07-01 00:00:00,334690.9
1066,14,2,2049-07-01 00:00:00,317582.1
1067,14,3,2024-07-01 00:00:00,2513924.3
1068,14,3,2025-07-01 00:00:00,2199550.1
1069,14,3,2026-07-01 00:00:00,1923670.7
1070,14,3,2027-07-01 00:00:00,1683078.2
1071,14,3,2028-07-01 00:00:00,1472426.0999999999
1072,14,3,2029-07-01 00:00:00,1288506.5
1073,14,3,2030-07-01 00:00:00,1127042.2
1074,14,3,2031-07-01 00:00:00,985894.6
1075,14,3,2032-07-01 00:00:00,862925.1
1076,14,3,2033-07-01 00:00:00,754925.7999999999
1077,14,3,2034-07-01 00:00:00,660827.3999999999
1078,14,3,2035-07-01 00:00:00,577421.9999999999
1079,14,3,2036-07-01 00:00:00,505778.89999999997
1080,14,3,2037-07-01 00:00:00,442690.19999999995
1081,14,3,2038-07-01 00:00:00,387086.6
1082,14,3,2039-07-01 00:00:00,337898.8
1083,14,3,2040-07-01 00:00:00,296196.1
1084,14,3,2041-07-01 00:00:00,272671.5
1085,14,3,2042-07-01 00:00:00,253424.09999999998
1086,14,3,2043-07-01 00:00:00,239523.19999999998
1087,14,3,2044-07-01 00:00:00,226691.6
1088,14,3,2045-07-01 00:00:00,215998.59999999998
1089,14,3,2046-07-01 00:00:00,207444.19999999998
1090,14,3,2047-07-01 00:00:00,196751.19999999998
1091,14,3,2048-07-01 00:00:00,188196.8
1092,14,3,2049-07-01 00:00:00,179642.4
1093,15,1,2024-07-01 00:00:00,2513924.3
1094,15,1,2025-07-01 00:00:00,2273331.8
1095,15,1,2026-07-01 00:00:00,2056263.9
1096,15,1,2027-07-01 00:00:00,1859512.6999999997
1097,15,1,2028-07-01 00:00:00,1682008.9
1098,15,1,2029-07-01 00:00:00,1521613.9
1099,15,1,2030-07-01 00:00:00,1376189.0999999999
1100,15,1,2031-07-01 00:00:00,1244665.2
1101,15,1,2032-07-01 00:00:00,1124903.5999999999
1102,15,1,2033-07-01 00:00:00,1017973.6
1103,15,1,2034-07-01 00:00:00,920667.2999999999
1104,15,1,2035-07-01 00:00:00,831915.4
1105,15,1,2036-07-01 00:00:00,752787.2
1106,15,1,2037-07-01 00:00:00,681144.1
1107,15,1,2038-07-01 00:00:00,615916.7999999999
1108,15,1,2039-07-01 00:00:00,557105.2999999999
1109,15,1,2040-07-01 00:00:00,503640.3
1110,15,1,2041-07-01 00:00:00,491878
1111,15,1,2042-07-01 00:00:00,480115.69999999995
1112,15,1,2043-07-01 00:00:00,452313.89999999997
1113,15,1,2044-07-01 00:00:00,438412.99999999994
1114,15,1,2045-07-01 00:00:00,425581.39999999997
1115,15,1,2046-07-01 00:00:00,405264.69999999995
1116,15,1,2047-07-01 00:00:00,383878.69999999995
1117,15,1,2048-07-01 00:00:00,367839.19999999995
1118,15,1,2049-07-01 00:00:00,350730.39999999997
1119,15,2,2024-07-01 00:00:00,2513924.3
1120,15,2,2025-07-01 00:00:00,2259430.9
1121,15,2,2026-07-01 00:00:00,2030600.6999999997
1122,15,2,2027-07-01 00:00:00,1825295.0999999999
1123,15,2,2028-07-01 00:00:00,1640306.1999999997
1124,15,2,2029-07-01 00:00:00,1474564.7
1125,15,2,2030-07-01 00:00:00,1324862.7
1126,15,2,2031-07-01 00:00:00,1191200.2
1127,15,2,2032-07-01 00:00:00,1070369.2999999998
1128,15,2,2033-07-01 00:00:00,962369.9999999999
1129,15,2,2034-07-01 00:00:00,865063.7
1130,15,2,2035-07-01 00:00:00,777381.1
1131,15,2,2036-07-01 00:00:00,698252.8999999999
1132,15,2,2037-07-01 00:00:00,627679.1
1133,15,2,2038-07-01 00:00:00,564590.3999999999
1134,15,2,2039-07-01 00:00:00,506848.19999999995
1135,15,2,2040-07-01 00:00:00,455521.8
1136,15,2,2041-07-01 00:00:00,434135.8
1137,15,2,2042-07-01 00:00:00,417027
1138,15,2,2043-07-01 00:00:00,398848.89999999997
1139,15,2,2044-07-01 00:00:00,382809.39999999997
1140,15,2,2045-07-01 00:00:00,368908.49999999994
1141,15,2,2046-07-01 00:00:00,357146.19999999995
1142,15,2,2047-07-01 00:00:00,345383.89999999997
1143,15,2,2048-07-01 00:00:00,334690.9
1144,15,2,2049-07-01 00:00:00,317582.1
1145,15,3,2024-07-01 00:00:00,2513924.3
1146,15,3,2025-07-01 00:00:00,2199550.1
1147,15,3,2026-07-01 00:00:00,1923670.7
1148,15,3,2027-07-01 00:00:00,1683078.2
1149,15,3,2028-07-01 00:00:00,1472426.0999999999
1150,15,3,2029-07-01 00:00:00,1288506.5
1151,15,3,2030-07-01 00:00:00,1127042.2
1152,15,3,2031-07-01 00:00:00,985894.6
1153,15,3,2032-07-01 00:00:00,862925.1
1154,15,3,2033-07-01 00:00:00,754925.7999999999
1155,15,3,2034-07-01 00:00:00,660827.3999999999
1156,15,3,2035-07-01 00:00:00,577421.9999999999
1157,15,3,2036-07-01 00:00:00,505778.89999999997
1158,15,3,2037-07-01 00:00:00,442690.19999999995
1159,15,3,2038-07-01 00:00:00,387086.6
1160,15,3,2039-07-01 00:00:00,337898.8
1161,15,3,2040-07-01 00:00:00,296196.1
1162,15,3,2041-07-01 00:00:00,272671.5
1163,15,3,2042-07-01 00:00:00,253424.09999999998
1164,15,3,2043-07-01 00:00:00,239523.19999999998
1165,15,3,2044-07-01 00:00:00,226691.6
1166,15,3,2045-07-01 00:00:00,215998.59999999998
1167,15,3,2046-07-01 00:00:00,207444.19999999998
1168,15,3,2047-07-01 00:00:00,196751.19999999998
1169,15,3,2048-07-01 00:00:00,188196.8
1170,15,3,2049-07-01 00:00:00,179642.4
1171,16,1,2024-07-01 00:00:00,2513924.3
1172,16,1,2025-07-01 00:00:00,2273331.8
1173,16,1,2026-07-01 00:00:00,2056263.9
1174,16,1,2027-07-01 00:00:00,1859512.6999999997
1175,16,1,2028-07-01 00:00:00,1682008.9
1176,16,1,2029-07-01 00:00:00,1521613.9
1177,16,1,2030-07-01 00:00:00,1376189.0999999999
1178,16,1,2031-07-01 00:00:00,1244665.2
1179,16,1,2032-07-01 00:00:00,1124903.5999999999
1180,16,1,2033-07-01 00:00:00,1017973.6
1181,16,1,2034-07-01 00:00:00,920667.2999999999
1182,16,1,2035-07-01 00:00:00,831915.4
1183,16,1,2036-07-01 00:00:00,752787.2
1184,16,1,2037-07-01 00:00:00,681144.1
1185,16,1,2038-07-01 00:00:00,615916.7999999999
1186,16,1,2039-07-01 00:00:00,557105.2999999999
1187,16,1,2040-07-01 00:00:00,503640.3
1188,16,1,2041-07-01 00:00:00,491878
1189,16,1,2042-07-01 00:00:00,480115.69999999995
1190,16,1,2043-07-01 00:00:00,452313.89999999997
1191,16,1,2044-07-01 00:00:00,438412.99999999994
1192,16,1,2045-07-01 00:00:00,425581.39999999997
1193,16,1,2046-07-01 00:00:00,405264.69999999995
1194,16,1,2047-07-01 00:00:00,383878.69999999995
1195,16,1,2048-07-01 00:00:00,367839.19999999995
1196,16,1,2049-07-01 00:00:00,350730.39999999997
1197,16,2,2024-07-01 00:00:00,2513924.3
1198,16,2,2025-07-01 00:00:00,2259430.9
1199,16,2,2026-07-01 00:00:00,2030600.6999999997
1200,16,2,2027-07-01 00:00:00,1825295.0999999999
1201,16,2,2028-07-01 00:00:00,1640306.1999999997
1202,16,2,2029-07-01 00:00:00,1474564.7
1203,16,2,2030-07-01 00:00:00,1324862.7
1204,16,2,2031-07-01 00:00:00,1191200.2
1205,16,2,2032-07-01 00:00:00,1070369.2999999998
1206,16,2,2033-07-01 00:00:00,962369.9999999999
1207,16,2,2034-07-01 00:00:00,865063.7
1208,16,2,2035-07-01 00:00:00,777381.1
1209,16,2,2036-07-01 00:00:00,698252.8999999999
1210,16,2,2037-07-01 00:00:00,627679.1
1211,16,2,2038-07-01 00:00:00,564590.3999999999
1212,16,2,2039-07-01 00:00:00,506848.19999999995
1213,16,2,2040-07-01 00:00:00,455521.8
1214,16,2,2041-07-01 00:00:00,434135.8
1215,16,2,2042-07-01 00:00:00,417027
1216,16,2,2043-07-01 00:00:00,398848.89999999997
1217,16,2,2044-07-01 00:00:00,382809.39999999997
1218,16,2,2045-07-01 00:00:00,368908.49999999994
1219,16,2,2046-07-01 00:00:00,357146.19999999995
1220,16,2,2047-07-01 00:00:00,345383.89999999997
1221,16,2,2048-07-01 00:00:00,334690.9
1222,16,2,2049-07-01 00:00:00,317582.1
1223,16,3,2024-07-01 00:00:00,2513924.3
1224,16,3,2025-07-01 00:00:00,2199550.1
1225,16,3,2026-07-01 00:00:00,1923670.7
1226,16,3,2027-07-01 00:00:00,1683078.2
1227,16,3,2028-07-01 00:00:00,1472426.0999999999
1228,16,3,2029-07-01 00:00:00,1288506.5
1229,16,3,2030-07-01 00:00:00,1127042.2
1230,16,3,2031-07-01 00:00:00,985894.6
1231,16,3,2032-07-01 00:00:00,862925.1
1232,16,3,2033-07-01 00:00:00,754925.7999999999
1233,16,3,2034-07-01 00:00:00,660827.3999999999
1234,16,3,2035-07-01 00:00:00,577421.9999999999
1235,16,3,2036-07-01 00:00:00,505778.89999999997
1236,16,3,2037-07-01 00:00:00,442690.19999999995
1237,16,3,2038-07-01 00:00:00,387086.6
1238,16,3,2039-07-01 00:00:00,337898.8
1239,16,3,2040-07-01 00:00:00,296196.1
1240,16,3,2041-07-01 00:00:00,272671.5
1241,16,3,2042-07-01 00:00:00,253424.09999999998
1242,16,3,2043-07-01 00:00:00,239523.19999999998
1243,16,3,2044-07-01 00:00:00,226691.6
1244,16,3,2045-07-01 00:00:00,215998.59999999998
1245,16,3,2046-07-01 00:00:00,207444.19999999998
1246,16,3,2047-07-01 00:00:00,196751.19999999998
1247,16,3,2048-07-01 00:00:00,188196.8
1248,16,3,2049-07-01 00:00:00,179642.4
1249,17,1,2024-07-01 00:00:00,2513924.3
1250,17,1,2025-07-01 00:00:00,2273331.8
1251,17,1,2026-07-01 00:00:00,2056263.9
1252,17,1,2027-07-01 00:00:00,1859512.6999999997
1253,17,1,2028-07-01 00:00:00,1682008.9
1254,17,1,2029-07-01 00:00:00,1521613.9
1255,17,1,2030-07-01 00:00:00,1376189.0999999999
1256,17,1,2031-07-01 00:00:00,1244665.2
1257,17,1,2032-07-01 00:00:00,1124903.5999999999
1258,17,1,2033-07-01 00:00:00,1017973.6
1259,17,1,2034-07-01 00:00:00,920667.2999999999
1260,17,1,2035-07-01 00:00:00,831915.4
1261,17,1,2036-07-01 00:00:00,752787.2
1262,17,1,2037-07-01 00:00:00,681144.1
1263,17,1,2038-07-01 00:00:00,615916.7999999999
1264,17,1,2039-07-01 00:00:00,557105.2999999999
1265,17,1,2040-07-01 00:00:00,503640.3
1266,17,1,2041-07-01 00:00:00,491878
1267,17,1,2042-07-01 00:00:00,480115.69999999995
1268,17,1,2043-07-01 00:00:00,452313.89999999997
1269,17,1,2044-07-01 00:00:00,438412.99999999994
1270,17,1,2045-07-01 00:00:00,425581.39999999997
1271,17,1,2046-07-01 00:00:00,405264.69999999995
1272,17,1,2047-07-01 00:00:00,383878.69999999995
1273,17,1,2048-07-01 00:00:00,367839.19999999995
1274,17,1,2049-07-01 00:00:00,350730.39999999997
1275,17,2,2024-07-01 00:00:00,2513924.3
1276,17,2,2025-07-01 00:00:00,2259430.9
1277,17,2,2026-07-01 00:00:00,2030600.6999999997
1278,17,2,2027-07-01 00:00:00,1825295.0999999999
1279,17,2,2028-07-01 00:00:00,1640306.1999999997
1280,17,2,2029-07-01 00:00:00,1474564.7
1281,17,2,2030-07-01 00:00:00,1324862.7
1282,17,2,2031-07-01 00:00:00,1191200.2
1283,17,2,2032-07-01 00:00:00,1070369.2999999998
1284,17,2,2033-07-01 00:00:00,962369.9999999999
1285,17,2,2034-07-01 00:00:00,865063.7
1286,17,2,2035-07-01 00:00:00,777381.1
1287,17,2,2036-07-01 00:00:00,698252.8999999999
1288,17,2,2037-07-01 00:00:00,627679.1
1289,17,2,2038-07-01 00:00:00,564590.3999999999
1290,17,2,2039-07-01 00:00:00,506848.19999999995
1291,17,2,2040-07-01 00:00:00,455521.8
1292,17,2,2041-07-01 00:00:00,434135.8
1293,17,2,2042-07-01 00:00:00,417027
1294,17,2,2043-07-01 00:00:00,398848.89999999997
1295,17,2,2044-07-01 00:00:00,382809.39999999997
1296,17,2,2045-07-01 00:00:00,368908.49999999994
1297,17,2,2046-07-01 00:00:00,357146.19999999995
1298,17,2,2047-07-01 00:00:00,345383.89999999997
1299,17,2,2048-07-01 00:00:00,334690.9
1300,17,2,2049-07-01 00:00:00,317582.1
1301,17,3,2024-07-01 00:00:00,2513924.3
1302,17,3,2025-07-01 00:00:00,2199550.1
1303,17,3,2026-07-01 00:00:00,1923670.7
1304,17,3,2027-07-01 00:00:00,1683078.2
1305,17,3,2028-07-01 00:00:00,1472426.0999999999
1306,17,3,2029-07-01 00:00:00,1288506.5
1307,17,3,2030-07-01 00:00:00,1127042.2
1308,17,3,2031-07-01 00:00:00,985894.6
1309,17,3,2032-07-01 00:00:00,862925.1
1310,17,3,2033-07-01 00:00:00,754925.7999999999
1311,17,3,2034-07-01 00:00:00,660827.3999999999
1312,17,3,2035-07-01 00:00:00,577421.9999999999
1313,17,3,2036-07-01 00:00:00,505778.89999999997
1314,17,3,2037-07-01 00:00:00,442690.19999999995
1315,17,3,2038-07-01 00:00:00,387086.6
1316,17,3,2039-07-01 00:00:00,337898.8
1317,17,3,2040-07-01 00:00:00,296196.1
1318,17,3,2041-07-01 00:00:00,272671.5
1319,17,3,2042-07-01 00:00:00,253424.09999999998
1320,17,3,2043-07-01 00:00:00,239523.19999999998
1321,17,3,2044-07-01 00:00:00,226691.6
1322,17,3,2045-07-01 00:00:00,215998.59999999998
1323,17,3,2046-07-01 00:00:00,207444.19999999998
1324,17,3,2047-07-01 00:00:00,196751.19999999998
1325,17,3,2048-07-01 00:00:00,188196.8
1326,17,3,2049-07-01 00:00:00,179642.4
1327,18,1,2024-07-01 00:00:00,2513924.3
1328,18,1,2025-07-01 00:00:00,2273331.8
1329,18,1,2026-07-01 00:00:00,2056263.9
1330,18,1,2027-07-01 00:00:00,1859512.6999999997
1331,18,1,2028-07-01 00:00:00,1682008.9
1332,18,1,2029-07-01 00:00:00,1521613.9
1333,18,1,2030-07-01 00:00:00,1376189.0999999999
1334,18,1,2031-07-01 00:00:00,1244665.2
1335,18,1,2032-07-01 00:00:00,1124903.5999999999
1336,18,1,2033-07-01 00:00:00,1017973.6
1337,18,1,2034-07-01 00:00:00,920667.2999999999
1338,18,1,2035-07-01 00:00:00,831915.4
1339,18,1,2036-07-01 00:00:00,752787.2
1340,18,1,2037-07-01 00:00:00,681144.1
1341,18,1,2038-07-01 00:00:00,615916.7999999999
1342,18,1,2039-07-01 00:00:00,557105.2999999999
1343,18,1,2040-07-01 00:00:00,503640.3
1344,18,1,2041-07-01 00:00:00,491878
1345,18,1,2042-07-01 00:00:00,480115.69999999995
1346,18,1,2043-07-01 00:00:00,452313.89999999997
1347,18,1,2044-07-01 00:00:00,438412.99999999994
1348,18,1,2045-07-01 00:00:00,425581.39999999997
1349,18,1,2046-07-01 00:00:00,405264.69999999995
1350,18,1,2047-07-01 00:00:00,383878.69999999995
1351,18,1,2048-07-01 00:00:00,367839.19999999995
1352,18,1,2049-07-01 00:00:00,350730.39999999997
1353,18,2,2024-07-01 00:00:00,2513924.3
1354,18,2,2025-07-01 00:00:00,2259430.9
1355,18,2,2026-07-01 00:00:00,2030600.6999999997
1356,18,2,2027-07-01 00:00:00,1825295.0999999999
1357,18,2,2028-07-01 00:00:00,1640306.1999999997
1358,18,2,2029-07-01 00:00:00,1474564.7
1359,18,2,2030-07-01 00:00:00,1324862.7
1360,18,2,2031-07-01 00:00:00,1191200.2
1361,18,2,2032-07-01 00:00:00,1070369.2999999998
1362,18,2,2033-07-01 00:00:00,962369.9999999999
1363,18,2,2034-07-01 00:00:00,865063.7
1364,18,2,2035-07-01 00:00:00,777381.1
1365,18,2,2036-07-01 00:00:00,698252.8999999999
1366,18,2,2037-07-01 00:00:00,627679.1
1367,18,2,2038-07-01 00:00:00,564590.3999999999
1368,18,2,2039-07-01 00:00:00,506848.19999999995
1369,18,2,2040-07-01 00:00:00,455521.8
1370,18,2,2041-07-01 00:00:00,434135.8
1371,18,2,2042-07-01 00:00:00,417027
1372,18,2,2043-07-01 00:00:00,398848.89999999997
1373,18,2,2044-07-01 00:00:00,382809.39999999997
1374,18,2,2045-07-01 00:00:00,368908.49999999994
1375,18,2,2046-07-01 00:00:00,357146.19999999995
1376,18,2,2047-07-01 00:00:00,345383.89999999997
1377,18,2,2048-07-01 00:00:00,334690.9
1378,18,2,2049-07-01 00:00:00,317582.1
1379,18,3,2024-07-01 00:00:00,2513924.3
1380,18,3,2025-07-01 00:00:00,2199550.1
1381,18,3,2026-07-01 00:00:00,1923670.7
1382,18,3,2027-07-01 00:00:00,1683078.2
1383,18,3,2028-07-01 00:00:00,1472426.0999999999
1384,18,3,2029-07-01 00:00:00,1288506.5
1385,18,3,2030-07-01 00:00:00,1127042.2
1386,18,3,2031-07-01 00:00:00,985894.6
1387,18,3,2032-07-01 00:00:00,862925.1
1388,18,3,2033-07-01 00:00:00,754925.7999999999
1389,18,3,2034-07-01 00:00:00,660827.3999999999
1390,18,3,2035-07-01 00:00:00,577421.9999999999
1391,18,3,2036-07-01 00:00:00,505778.89999999997
1392,18,3,2037-07-01 00:00:00,442690.19999999995
1393,18,3,2038-07-01 00:00:00,387086.6
1394,18,3,2039-07-01 00:00:00,337898.8
1395,18,3,2040-07-01 00:00:00,296196.1
1396,18,3,2041-07-01 00:00:00,272671.5
1397,18,3,2042-07-01 00:00:00,253424.09999999998
1398,18,3,2043-07-01 00:00:00,239523.19999999998
1399,18,3,2044-07-01 00:00:00,226691.6
1400,18,3,2045-07-01 00:00:00,215998.59999999998
1401,18,3,2046-07-01 00:00:00,207444.19999999998
1402,18,3,2047-07-01 00:00:00,196751.19999999998
1403,18,3,2048-07-01 00:00:00,188196.8
1404,18,3,2049-07-01 00:00:00,179642.4
1405,19,1,2024-07-01 00:00:00,2513924.3
1406,19,1,2025-07-01 00:00:00,2273331.8
1407,19,1,2026-07-01 00:00:00,2056263.9
1408,19,1,2027-07-01 00:00:00,1859512.6999999997
1409,19,1,2028-07-01 00:00:00,1682008.9
1410,19,1,2029-07-01 00:00:00,1521613.9
1411,19,1,2030-07-01 00:00:00,1376189.0999999999
1412,19,1,2031-07-01 00:00:00,1244665.2
1413,19,1,2032-07-01 00:00:00,1124903.5999999999
1414,19,1,2033-07-01 00:00:00,1017973.6
1415,19,1,2034-07-01 00:00:00,920667.2999999999
1416,19,1,2035-07-01 00:00:00,831915.4
1417,19,1,2036-07-01 00:00:00,752787.2
1418,19,1,2037-07-01 00:00:00,681144.1
1419,19,1,2038-07-01 00:00:00,615916.7999999999
1420,19,1,2039-07-01 00:00:00,557105.2999999999
1421,19,1,2040-07-01 00:00:00,503640.3
1422,19,1,2041-07-01 00:00:00,491878
1423,19,1,2042-07-01 00:00:00,480115.69999999995
1424,19,1,2043-07-01 00:00:00,452313.89999999997
1425,19,1,2044-07-01 00:00:00,438412.99999999994
1426,19,1,2045-07-01 00:00:00,425581.39999999997
1427,19,1,2046-07-01 00:00:00,405264.69999999995
1428,19,1,2047-07-01 00:00:00,383878.69999999995
1429,19,1,2048-07-01 00:00:00,367839.19999999995
1430,19,1,2049-07-01 00:00:00,350730.39999999997
1431,19,2,2024-07-01 00:00:00,2513924.3
1432,19,2,2025-07-01 00:00:00,2259430.9
1433,19,2,2026-07-01 00:00:00,2030600.6999999997
1434,19,2,2027-07-01 00:00:00,1825295.0999999999
1435,19,2,2028-07-01 00:00:00,1640306.1999999997
1436,19,2,2029-07-01 00:00:00,1474564.7
1437,19,2,2030-07-01 00:00:00,1324862.7
1438,19,2,2031-07-01 00:00:00,1191200.2
1439,19,2,2032-07-01 00:00:00,1070369.2999999998
1440,19,2,2033-07-01 00:00:00,962369.9999999999
1441,19,2,2034-07-01 00:00:00,865063.7
1442,19,2,2035-07-01 00:00:00,777381.1
1443,19,2,2036-07-01 00:00:00,698252.8999999999
1444,19,2,2037-07-01 00:00:00,627679.1
1445,19,2,2038-07-01 00:00:00,564590.3999999999
1446,19,2,2039-07-01 00:00:00,506848.19999999995
1447,19,2,2040-07-01 00:00:00,455521.8
1448,19,2,2041-07-01 00:00:00,434135.8
1449,19,2,2042-07-01 00:00:00,417027
1450,19,2,2043-07-01 00:00:00,398848.89999999997
1451,19,2,2044-07-01 00:00:00,382809.39999999997
1452,19,2,2045-07-01 00:00:00,368908.49999999994
1453,19,2,2046-07-01 00:00:00,357146.19999999995
1454,19,2,2047-07-01 00:00:00,345383.89999999997
1455,19,2,2048-07-01 00:00:00,334690.9
1456,19,2,2049-07-01 00:00:00,317582.1
1457,19,3,2024-07-01 00:00:00,2513924.3
1458,19,3,2025-07-01 00:00:00,2199550.1
1459,19,3,2026-07-01 00:00:00,1923670.7
1460,19,3,2027-07-01 00:00:00,1683078.2
1461,19,3,2028-07-01 00:00:00,1472426.0999999999
1462,19,3,2029-07-01 00:00:00,1288506.5
1463,19,3,2030-07-01 00:00:00,1127042.2
1464,19,3,2031-07-01 00:00:00,985894.6
1465,19,3,2032-07-01 00:00:00,862925.1
1466,19,3,2033-07-01 00:00:00,754925.7999999999
1467,19,3,2034-07-01 00:00:00,660827.3999999999
1468,19,3,2035-07-01 00:00:00,577421.9999999999
1469,19,3,2036-07-01 00:00:00,505778.89999999997
1470,19,3,2037-07-01 00:00:00,442690.19999999995
1471,19,3,2038-07-01 00:00:00,387086.6
1472,19,3,2039-07-01 00:00:00,337898.8
1473,19,3,2040-07-01 00:00:00,296196.1
1474,19,3,2041-07-01 00:00:00,272671.5
1475,19,3,2042-07-01 00:00:00,253424.09999999998
1476,19,3,2043-07-01 00:00:00,239523.19999999998
1477,19,3,2044-07-01 00:00:00,226691.6
1478,19,3,2045-07-01 00:00:00,215998.59999999998
1479,19,3,2046-07-01 00:00:00,207444.19999999998
1480,19,3,2047-07-01 00:00:00,196751.19999999998
1481,19,3,2048-07-01 00:00:00,188196.8
1482,19,3,2049-07-01 00:00:00,179642.4
1483,20,1,2024-07-01 00:00:00,2513924.3
1484,20,1,2025-07-01 00:00:00,2273331.8
1485,20,1,2026-07-01 00:00:00,2056263.9
1486,20,1,2027-07-01 00:00:00,1859512.6999999997
1487,20,1,2028-07-01 00:00:00,1682008.9
1488,20,1,2029-07-01 00:00:00,1521613.9
1489,20,1,2030-07-01 00:00:00,1376189.0999999999
1490,20,1,2031-07-01 00:00:00,1244665.2
1491,20,1,2032-07-01 00:00:00,1124903.5999999999
1492,20,1,2033-07-01 00:00:00,1017973.6
1493,20,1,2034-07-01 00:00:00,920667.2999999999
1494,20,1,2035-07-01 00:00:00,831915.4
1495,20,1,2036-07-01 00:00:00,752787.2
1496,20,1,2037-07-01 00:00:00,681144.1
1497,20,1,2038-07-01 00:00:00,615916.7999999999
1498,20,1,2039-07-01 00:00:00,557105.2999999999
1499,20,1,2040-07-01 00:00:00,503640.3
1500,20,1,2041-07-01 00:00:00,491878
1501,20,1,2042-07-01 00:00:00,480115.69999999995
1502,20,1,2043-07-01 00:00:00,452313.89999999997
1503,20,1,2044-07-01 00:00:00,438412.99999999994
1504,20,1,2045-07-01 00:00:00,425581.39999999997
1505,20,1,2046-07-01 00:00:00,405264.69999999995
1506,20,1,2047-07-01 00:00:00,383878.69999999995
1507,20,1,2048-07-01 00:00:00,367839.19999999995
1508,20,1,2049-07-01 00:00:00,350730.39999999997
1509,20,2,2024-07-01 00:00:00,2513924.3
1510,20,2,2025-07-01 00:00:00,2259430.9
1511,20,2,2026-07-01 00:00:00,2030600.6999999997
1512,20,2,2027-07-01 00:00:00,1825295.0999999999
1513,20,2,2028-07-01 00:00:00,1640306.1999999997
1514,20,2,2029-07-01 00:00:00,1474564.7
1515,20,2,2030-07-01 00:00:00,1324862.7
1516,20,2,2031-07-01 00:00:00,1191200.2
1517,20,2,2032-07-01 00:00:00,1070369.2999999998
1518,20,2,2033-07-01 00:00:00,962369.9999999999
1519,20,2,2034-07-01 00:00:00,865063.7
1520,20,2,2035-07-01 00:00:00,777381.1
1521,20,2,2036-07-01 00:00:00,698252.8999999999
1522,20,2,2037-07-01 00:00:00,627679.1
1523,20,2,2038-07-01 00:00:00,564590.3999999999
1524,20,2,2039-07-01 00:00:00,506848.19999999995
1525,20,2,2040-07-01 00:00:00,455521.8
1526,20,2,2041-07-01 00:00:00,434135.8
1527,20,2,2042-07-01 00:00:00,417027
1528,20,2,2043-07-01 00:00:00,398848.89999999997
1529,20,2,2044-07-01 00:00:00,382809.39999999997
1530,20,2,2045-07-01 00:00:00,368908.49999999994
1531,20,2,2046-07-01 00:00:00,357146.19999999995
1532,20,2,2047-07-01 00:00:00,345383.89999999997
1533,20,2,2048-07-01 00:00:00,334690.9
1534,20,2,2049-07-01 00:00:00,317582.1
1535,20,3,2024-07-01 00:00:00,2513924.3
1536,20,3,2025-07-01 00:00:00,2199550.1
1537,20,3,2026-07-01 00:00:00,1923670.7
1538,20,3,2027-07-01 00:00:00,1683078.2
1539,20,3,2028-07-01 00:00:00,1472426.0999999999
1540,20,3,2029-07-01 00:00:00,1288506.5
1541,20,3,2030-07-01 00:00:00,1127042.2
1542,20,3,2031-07-01 00:00:00,985894.6
1543,20,3,2032-07-01 00:00:00,862925.1
1544,20,3,2033-07-01 00:00:00,754925.7999999999
1545,20,3,2034-07-01 00:00:00,660827.3999999999
1546,20,3,2035-07-01 00:00:00,577421.9999999999
1547,20,3,2036-07-01 00:00:00,505778.89999999997
1548,20,3,2037-07-01 00:00:00,442690.19999999995
1549,20,3,2038-07-01 00:00:00,387086.6
1550,20,3,2039-07-01 00:00:00,337898.8
1551,20,3,2040-07-01 00:00:00,296196.1
1552,20,3,2041-07-01 00:00:00,272671.5
1553,20,3,2042-07-01 00:00:00,253424.09999999998
1554,20,3,2043-07-01 00:00:00,239523.19999999998
1555,20,3,2044-07-01 00:00:00,226691.6
1556,20,3,2045-07-01 00:00:00,215998.59999999998
1557,20,3,2046-07-01 00:00:00,207444.19999999998
1558,20,3,2047-07-01 00:00:00,196751.19999999998
1559,20,3,2048-07-01 00:00:00,188196.8
1560,20,3,2049-07-01 00:00:00,179642.4
1561,21,1,2024-07-01 00:00:00,2513924.3
1562,21,1,2025-07-01 00:00:00,2273331.8
1563,21,1,2026-07-01 00:00:00,2056263.9
1564,21,1,2027-07-01 00:00:00,1859512.6999999997
1565,21,1,2028-07-01 00:00:00,1682008.9
1566,21,1,2029-07-01 00:00:00,1521613.9
1567,21,1,2030-07-01 00:00:00,1376189.0999999999
1568,21,1,2031-07-01 00:00:00,1244665.2
1569,21,1,2032-07-01 00:00:00,1124903.5999999999
1570,21,1,2033-07-01 00:00:00,1017973.6
1571,21,1,2034-07-01 00:00:00,920667.2999999999
1572,21,1,2035-07-01 00:00:00,831915.4
1573,21,1,2036-07-01 00:00:00,752787.2
1574,21,1,2037-07-01 00:00:00,681144.1
1575,21,1,2038-07-01 00:00:00,615916.7999999999
1576,21,1,2039-07-01 00:00:00,557105.2999999999
1577,21,1,2040-07-01 00:00:00,503640.3
1578,21,1,2041-07-01 00:00:00,491878
1579,21,1,2042-07-01 00:00:00,480115.69999999995
1580,21,1,2043-07-01 00:00:00,452313.89999999997
1581,21,1,2044-07-01 00:00:00,438412.99999999994
1582,21,1,2045-07-01 00:00:00,425581.39999999997
1583,21,1,2046-07-01 00:00:00,405264.69999999995
1584,21,1,2047-07-01 00:00:00,383878.69999999995
1585,21,1,2048-07-01 00:00:00,367839.19999999995
1586,21,1,2049-07-01 00:00:00,350730.39999999997
1587,21,2,2024-07-01 00:00:00,2513924.3
1588,21,2,2025-07-01 00:00:00,2259430.9
1589,21,2,2026-07-01 00:00:00,2030600.6999999997
1590,21,2,2027-07-01 00:00:00,1825295.0999999999
1591,21,2,2028-07-01 00:00:00,1640306.1999999997
1592,21,2,2029-07-01 00:00:00,1474564.7
1593,21,2,2030-07-01 00:00:00,1324862.7
1594,21,2,2031-07-01 00:00:00,1191200.2
1595,21,2,2032-07-01 00:00:00,1070369.2999999998
1596,21,2,2033-07-01 00:00:00,962369.9999999999
1597,21,2,2034-07-01 00:00:00,865063.7
1598,21,2,2035-07-01 00:00:00,777381.1
1599,21,2,2036-07-01 00:00:00,698252.8999999999
1600,21,2,2037-07-01 00:00:00,627679.1
1601,21,2,2038-07-01 00:00:00,564590.3999999999
1602,21,2,2039-07-01 00:00:00,506848.19999999995
1603,21,2,2040-07-01 00:00:00,455521.8
1604,21,2,2041-07-01 00:00:00,434135.8
1605,21,2,2042-07-01 00:00:00,417027
1606,21,2,2043-07-01 00:00:00,398848.89999999997
1607,21,2,2044-07-01 00:00:00,382809.39999999997
1608,21,2,2045-07-01 00:00:00,368908.49999999994
1609,21,2,2046-07-01 00:00:00,357146.19999999995
1610,21,2,2047-07-01 00:00:00,345383.89999999997
1611,21,2,2048-07-01 00:00:00,334690.9
1612,21,2,2049-07-01 00:00:00,317582.1
1613,21,3,2024-07-01 00:00:00,2513924.3
1614,21,3,2025-07-01 00:00:00,2199550.1
1615,21,3,2026-07-01 00:00:00,1923670.7
1616,21,3,2027-07-01 00:00:00,1683078.2
1617,21,3,2028-07-01 00:00:00,1472426.0999999999
1618,21,3,2029-07-01 00:00:00,1288506.5
1619,21,3,2030-07-01 00:00:00,1127042.2
1620,21,3,2031-07-01 00:00:00,985894.6
1621,21,3,2032-07-01 00:00:00,862925.1
1622,21,3,2033-07-01 00:00:00,754925.7999999999
1623,21,3,2034-07-01 00:00:00,660827.3999999999
1624,21,3,2035-07-01 00:00:00,577421.9999999999
1625,21,3,2036-07-01 00:00:00,505778.89999999997
1626,21,3,2037-07-01 00:00:00,442690.19999999995
1627,21,3,2038-07-01 00:00:00,387086.6
1628,21,3,2039-07-01 00:00:00,337898.8
1629,21,3,2040-07-01 00:00:00,296196.1
1630,21,3,2041-07-01 00:00:00,272671.5
1631,21,3,2042-07-01 00:00:00,253424.09999999998
1632,21,3,2043-07-01 00:00:00,239523.19999999998
1633,21,3,2044-07-01 00:00:00,226691.6
1634,21,3,2045-07-01 00:00:00,215998.59999999998
1635,21,3,2046-07-01 00:00:00,207444.19999999998
1636,21,3,2047-07-01 00:00:00,196751.19999999998
1637,21,3,2048-07-01 00:00:00,188196.8
1638,21,3,2049-07-01 00:00:00,179642.4
1639,22,1,2024-07-01 00:00:00,2513924.3
1640,22,1,2025-07-01 00:00:00,2273331.8
1641,22,1,2026-07-01 00:00:00,2056263.9
1642,22,1,2027-07-01 00:00:00,1859512.6999999997
1643,22,1,2028-07-01 00:00:00,1682008.9
1644,22,1,2029-07-01 00:00:00,1521613.9
1645,22,1,2030-07-01 00:00:00,1376189.0999999999
1646,22,1,2031-07-01 00:00:00,1244665.2
1647,22,1,2032-07-01 00:00:00,1124903.5999999999
1648,22,1,2033-07-01 00:00:00,1017973.6
1649,22,1,2034-07-01 00:00:00,920667.2999999999
1650,22,1,2035-07-01 00:00:00,831915.4
1651,22,1,2036-07-01 00:00:00,752787.2
1652,22,1,2037-07-01 00:00:00,681144.1
1653,22,1,2038-07-01 00:00:00,615916.7999999999
1654,22,1,2039-07-01 00:00:00,557105.2999999999
1655,22,1,2040-07-01 00:00:00,503640.3
1656,22,1,2041-07-01 00:00:00,491878
1657,22,1,2042-07-01 00:00:00,480115.69999999995
1658,22,1,2043-07-01 00:00:00,452313.89999999997
1659,22,1,2044-07-01 00:00:00,438412.99999999994
1660,22,1,2045-07-01 00:00:00,425581.39999999997
1661,22,1,2046-07-01 00:00:00,405264.69999999995
1662,22,1,2047-07-01 00:00:00,383878.69999999995
1663,22,1,2048-07-01 00:00:00,367839.19999999995
1664,22,1,2049-07-01 00:00:00,350730.39999999997
1665,22,2,2024-07-01 00:00:00,2513924.3
1666,22,2,2025-07-01 00:00:00,2259430.9
1667,22,2,2026-07-01 00:00:00,2030600.6999999997
1668,22,2,2027-07-01 00:00:00,1825295.0999999999
1669,22,2,2028-07-01 00:00:00,1640306.1999999997
1670,22,2,2029-07-01 00:00:00,1474564.7
1671,22,2,2030-07-01 00:00:00,1324862.7
1672,22,2,2031-07-01 00:00:00,1191200.2
1673,22,2,2032-07-01 00:00:00,1070369.2999999998
1674,22,2,2033-07-01 00:00:00,962369.9999999999
1675,22,2,2034-07-01 00:00:00,865063.7
1676,22,2,2035-07-01 00:00:00,777381.1
1677,22,2,2036-07-01 00:00:00,698252.8999999999
1678,22,2,2037-07-01 00:00:00,627679.1
1679,22,2,2038-07-01 00:00:00,564590.3999999999
1680,22,2,2039-07-01 00:00:00,506848.19999999995
1681,22,2,2040-07-01 00:00:00,455521.8
1682,22,2,2041-07-01 00:00:00,434135.8
1683,22,2,2042-07-01 00:00:00,417027
1684,22,2,2043-07-01 00:00:00,398848.89999999997
1685,22,2,2044-07-01 00:00:00,382809.39999999997
1686,22,2,2045-07-01 00:00:00,368908.49999999994
1687,22,2,2046-07-01 00:00:00,357146.19999999995
1688,22,2,2047-07-01 00:00:00,345383.89999999997
1689,22,2,2048-07-01 00:00:00,334690.9
1690,22,2,2049-07-01 00:00:00,317582.1
1691,22,3,2024-07-01 00:00:00,2513924.3
1692,22,3,2025-07-01 00:00:00,2199550.1
1693,22,3,2026-07-01 00:00:00,1923670.7
1694,22,3,2027-07-01 00:00:00,1683078.2
1695,22,3,2028-07-01 00:00:00,1472426.0999999999
1696,22,3,2029-07-01 00:00:00,1288506.5
1697,22,3,2030-07-01 00:00:00,1127042.2
1698,22,3,2031-07-01 00:00:00,985894.6
1699,22,3,2032-07-01 00:00:00,862925.1
1700,22,3,2033-07-01 00:00:00,754925.7999999999
1701,22,3,2034-07-01 00:00:00,660827.3999999999
1702,22,3,2035-07-01 00:00:00,577421.9999999999
1703,22,3,2036-07-01 00:00:00,505778.89999999997
1704,22,3,2037-07-01 00:00:00,442690.19999999995
1705,22,3,2038-07-01 00:00:00,387086.6
1706,22,3,2039-07-01 00:00:00,337898.8
1707,22,3,2040-07-01 00:00:00,296196.1
1708,22,3,2041-07-01 00:00:00,272671.5
1709,22,3,2042-07-01 00:00:00,253424.09999999998
1710,22,3,2043-07-01 00:00:00,239523.19999999998
1711,22,3,2044-07-01 00:00:00,226691.6
1712,22,3,2045-07-01 00:00:00,215998.59999999998
1713,22,3,2046-07-01 00:00:00,207444.19999999998
1714,22,3,2047-07-01 00:00:00,196751.19999999998
1715,22,3,2048-07-01 00:00:00,188196.8
1716,22,3,2049-07-01 00:00:00,179642.4
1717,23,1,2024-07-01 00:00:00,2513924.3
1718,23,1,2025-07-01 00:00:00,2273331.8
1719,23,1,2026-07-01 00:00:00,2056263.9
1720,23,1,2027-07-01 00:00:00,1859512.6999999997
1721,23,1,2028-07-01 00:00:00,1682008.9
1722,23,1,2029-07-01 00:00:00,1521613.9
1723,23,1,2030-07-01 00:00:00,1376189.0999999999
1724,23,1,2031-07-01 00:00:00,1244665.2
1725,23,1,2032-07-01 00:00:00,1124903.5999999999
1726,23,1,2033-07-01 00:00:00,1017973.6
1727,23,1,2034-07-01 00:00:00,920667.2999999999
1728,23,1,2035-07-01 00:00:00,831915.4
1729,23,1,2036-07-01 00:00:00,752787.2
1730,23,1,2037-07-01 00:00:00,681144.1
1731,23,1,2038-07-01 00:00:00,615916.7999999999
1732,23,1,2039-07-01 00:00:00,557105.2999999999
1733,23,1,2040-07-01 00:00:00,503640.3
1734,23,1,2041-07-01 00:00:00,491878
1735,23,1,2042-07-01 00:00:00,480115.69999999995
1736,23,1,2043-07-01 00:00:00,452313.89999999997
1737,23,1,2044-07-01 00:00:00,438412.99999999994
1738,23,1,2045-07-01 00:00:00,425581.39999999997
1739,23,1,2046-07-01 00:00:00,405264.69999999995
1740,23,1,2047-07-01 00:00:00,383878.69999999995
1741,23,1,2048-07-01 00:00:00,367839.19999999995
1742,23,1,2049-07-01 00:00:00,350730.39999999997
1743,23,2,2024-07-01 00:00:00,2513924.3
1744,23,2,2025-07-01 00:00:00,2259430.9
1745,23,2,2026-07-01 00:00:00,2030600.6999999997
1746,23,2,2027-07-01 00:00:00,1825295.0999999999
1747,23,2,2028-07-01 00:00:00,1640306.1999999997
1748,23,2,2029-07-01 00:00:00,1474564.7
1749,23,2,2030-07-01 00:00:00,1324862.7
1750,23,2,2031-07-01 00:00:00,1191200.2
1751,23,2,2032-07-01 00:00:00,1070369.2999999998
1752,23,2,2033-07-01 00:00:00,962369.9999999999
1753,23,2,2034-07-01 00:00:00,865063.7
1754,23,2,2035-07-01 00:00:00,777381.1
1755,23,2,2036-07-01 00:00:00,698252.8999999999
1756,23,2,2037-07-01 00:00:00,627679.1
1757,23,2,2038-07-01 00:00:00,564590.3999999999
1758,23,2,2039-07-01 00:00:00,506848.19999999995
1759,23,2,2040-07-01 00:00:00,455521.8
1760,23,2,2041-07-01 00:00:00,434135.8
1761,23,2,2042-07-01 00:00:00,417027
1762,23,2,2043-07-01 00:00:00,398848.89999999997
1763,23,2,2044-07-01 00:00:00,382809.39999999997
1764,23,2,2045-07-01 00:00:00,368908.49999999994
1765,23,2,2046-07-01 00:00:00,357146.19999999995
1766,23,2,2047-07-01 00:00:00,345383.89999999997
1767,23,2,2048-07-01 00:00:00,334690.9
1768,23,2,2049-07-01 00:00:00,317582.1
1769,23,3,2024-07-01 00:00:00,2513924.3
1770,23,3,2025-07-01 00:00:00,2199550.1
1771,23,3,2026-07-01 00:00:00,1923670.7
1772,23,3,2027-07-01 00:00:00,1683078.2
1773,23,3,2028-07-01 00:00:00,1472426.0999999999
1774,23,3,2029-07-01 00:00:00,1288506.5
1775,23,3,2030-07-01 00:00:00,1127042.2
1776,23,3,2031-07-01 00:00:00,985894.6
1777,23,3,2032-07-01 00:00:00,862925.1
1778,23,3,2033-07-01 00:00:00,754925.7999999999
1779,23,3,2034-07-01 00:00:00,660827.3999999999
1780,23,3,2035-07-01 00:00:00,577421.9999999999
1781,23,3,2036-07-01 00:00:00,505778.89999999997
1782,23,3,2037-07-01 00:00:00,442690.19999999995
1783,23,3,2038-07-01 00:00:00,387086.6
1784,23,3,2039-07-01 00:00:00,337898.8
1785,23,3,2040-07-01 00:00:00,296196.1
1786,23,3,2041-07-01 00:00:00,272671.5
1787,23,3,2042-07-01 00:00:00,253424.09999999998
1788,23,3,2043-07-01 00:00:00,239523.19999999998
1789,23,3,2044-07-01 00:00:00,226691.6
1790,23,3,2045-07-01 00:00:00,215998.59999999998
1791,23,3,2046-07-01 00:00:00,207444.19999999998
1792,23,3,2047-07-01 00:00:00,196751.19999999998
1793,23,3,2048-07-01 00:00:00,188196.8
1794,23,3,2049-07-01 00:00:00,179642.4
1795,24,1,2024-07-01 00:00:00,2513924.3
1796,24,1,2025-07-01 00:00:00,2273331.8
1797,24,1,2026-07-01 00:00:00,2056263.9
1798,24,1,2027-07-01 00:00:00,1859512.6999999997
1799,24,1,2028-07-01 00:00:00,1682008.9
1800,24,1,2029-07-01 00:00:00,1521613.9
1801,24,1,2030-07-01 00:00:00,1376189.0999999999
1802,24,1,2031-07-01 00:00:00,1244665.2
1803,24,1,2032-07-01 00:00:00,1124903.5999999999
1804,24,1,2033-07-01 00:00:00,1017973.6
1805,24,1,2034-07-01 00:00:00,920667.2999999999
1806,24,1,2035-07-01 00:00:00,831915.4
1807,24,1,2036-07-01 00:00:00,752787.2
1808,24,1,2037-07-01 00:00:00,681144.1
1809,24,1,2038-07-01 00:00:00,615916.7999999999
1810,24,1,2039-07-01 00:00:00,557105.2999999999
1811,24,1,2040-07-01 00:00:00,503640.3
1812,24,1,2041-07-01 00:00:00,491878
1813,24,1,2042-07-01 00:00:00,480115.69999999995
1814,24,1,2043-07-01 00:00:00,452313.89999999997
1815,24,1,2044-07-01 00:00:00,438412.99999999994
1816,24,1,2045-07-01 00:00:00,425581.39999999997
1817,24,1,2046-07-01 00:00:00,405264.69999999995
1818,24,1,2047-07-01 00:00:00,383878.69999999995
1819,24,1,2048-07-01 00:00:00,367839.19999999995
1820,24,1,2049-07-01 00:00:00,350730.39999999997
1821,24,2,2024-07-01 00:00:00,2513924.3
1822,24,2,2025-07-01 00:00:00,2259430.9
1823,24,2,2026-07-01 00:00:00,2030600.6999999997
1824,24,2,2027-07-01 00:00:00,1825295.0999999999
1825,24,2,2028-07-01 00:00:00,1640306.1999999997
1826,24,2,2029-07-01 00:00:00,1474564.7
1827,24,2,2030-07-01 00:00:00,1324862.7
1828,24,2,2031-07-01 00:00:00,1191200.2
1829,24,2,2032-07-01 00:00:00,1070369.2999999998
1830,24,2,2033-07-01 00:00:00,962369.9999999999
1831,24,2,2034-07-01 00:00:00,865063.7
1832,24,2,2035-07-01 00:00:00,777381.1
1833,24,2,2036-07-01 00:00:00,698252.8999999999
1834,24,2,2037-07-01 00:00:00,627679.1
1835,24,2,2038-07-01 00:00:00,564590.3999999999
1836,24,2,2039-07-01 00:00:00,506848.19999999995
1837,24,2,2040-07-01 00:00:00,455521.8
1838,24,2,2041-07-01 00:00:00,434135.8
1839,24,2,2042-07-01 00:00:00,417027
1840,24,2,2043-07-01 00:00:00,398848.89999999997
1841,24,2,2044-07-01 00:00:00,382809.39999999997
1842,24,2,2045-07-01 00:00:00,368908.49999999994
1843,24,2,2046-07-01 00:00:00,357146.19999999995
1844,24,2,2047-07-01 00:00:00,345383.89999999997
1845,24,2,2048-07-01 00:00:00,334690.9
1846,24,2,2049-07-01 00:00:00,317582.1
1847,24,3,2024-07-01 00:00:00,2513924.3
1848,24,3,2025-07-01 00:00:00,2199550.1
1849,24,3,2026-07-01 00:00:00,1923670.7
1850,24,3,2027-07-01 00:00:00,1683078.2
1851,24,3,2028-07-01 00:00:00,1472426.0999999999
1852,24,3,2029-07-01 00:00:00,1288506.5
1853,24,3,2030-07-01 00:00:00,1127042.2
1854,24,3,2031-07-01 00:00:00,985894.6
1855,24,3,2032-07-01 00:00:00,862925.1
1856,24,3,2033-07-01 00:00:00,754925.7999999999
1857,24,3,2034-07-01 00:00:00,660827.3999999999
1858,24,3,2035-07-01 00:00:00,577421.9999999999
1859,24,3,2036-07-01 00:00:00,505778.89999999997
1860,24,3,2037-07-01 00:00:00,442690.19999999995
1861,24,3,2038-07-01 00:00:00,387086.6
1862,24,3,2039-07-01 00:00:00,337898.8
1863,24,3,2040-07-01 00:00:00,296196.1
1864,24,3,2041-07-01 00:00:00,272671.5
1865,24,3,2042-07-01 00:00:00,253424.09999999998
1866,24,3,2043-07-01 00:00:00,239523.19999999998
1867,24,3,2044-07-01 00:00:00,226691.6
1868,24,3,2045-07-01 00:00:00,215998.59999999998
1869,24,3,2046-07-01 00:00:00,207444.19999999998
1870,24,3,2047-07-01 00:00:00,196751.19999999998
1871,24,3,2048-07-01 00:00:00,188196.8
1872,24,3,2049-07-01 00:00:00,179642.4
