id,gen_id,scenario,date,value
1,53,1,2020-01-01 00:00:00,0
2,53,1,2026-07-01 00:00:00,1
3,53,2,2020-01-01 00:00:00,0
4,53,2,2026-07-01 00:00:00,1
5,53,3,2020-01-01 00:00:00,0
6,53,3,2026-07-01 00:00:00,1
7,54,1,2020-01-01 00:00:00,0
8,54,1,2025-12-01 00:00:00,1
9,54,2,2020-01-01 00:00:00,0
10,54,2,2025-12-01 00:00:00,1
11,54,3,2020-01-01 00:00:00,0
12,54,3,2025-12-01 00:00:00,1
13,62,1,2020-01-01 00:00:00,4
14,62,1,2024-12-01 00:00:00,9
15,62,2,2020-01-01 00:00:00,4
16,62,2,2024-12-01 00:00:00,9
17,62,3,2020-01-01 00:00:00,4
18,62,3,2024-12-01 00:00:00,9
19,62,1,2020-01-01 00:00:00,4
20,62,1,2024-02-01 00:00:00,6
21,62,2,2020-01-01 00:00:00,4
22,62,2,2024-02-01 00:00:00,6
23,62,3,2020-01-01 00:00:00,4
24,62,3,2024-02-01 00:00:00,6
25,4,1,2028-07-01 00:00:00,0
26,56,1,2034-07-01 00:00:00,0
27,2,1,2051-07-01 00:00:00,0
28,1,1,2040-07-01 00:00:00,0
29,91,1,2050-07-01 00:00:00,0
30,58,1,2050-07-01 00:00:00,0
31,7,1,2028-07-01 00:00:00,7
32,58,1,2040-07-01 00:00:00,1
33,89,1,2044-07-01 00:00:00,0
34,5,1,2027-07-01 00:00:00,3
35,5,1,2030-07-01 00:00:00,1
36,5,1,2031-07-01 00:00:00,0
37,55,1,2028-07-01 00:00:00,5
38,70,1,2035-07-01 00:00:00,0
39,88,1,2046-07-01 00:00:00,0
40,67,1,2039-07-01 00:00:00,5
41,6,1,2034-07-01 00:00:00,2
42,12,1,2030-07-01 00:00:00,3
43,12,1,2032-07-01 00:00:00,2
44,12,1,2033-07-01 00:00:00,0
45,65,1,2030-07-01 00:00:00,8
46,60,1,2046-07-01 00:00:00,6
47,12,1,2033-07-01 00:00:00,0
48,60,1,2049-07-01 00:00:00,2
49,4,1,2025-07-01 00:00:00,2
50,64,1,2045-07-01 00:00:00,0
51,57,1,2045-07-01 00:00:00,3
52,18,1,2033-07-01 00:00:00,1
53,18,1,2044-07-01 00:00:00,0
54,7,1,2034-07-01 00:00:00,1
55,7,1,2047-07-01 00:00:00,0
56,1,1,2028-07-01 00:00:00,5
57,1,1,2029-07-01 00:00:00,2
58,55,1,2042-07-01 00:00:00,4
59,67,1,2033-07-01 00:00:00,13
60,16,1,2027-07-01 00:00:00,1
61,87,1,2026-07-01 00:00:00,0
62,76,1,2037-07-01 00:00:00,0
63,60,1,2050-07-01 00:00:00,0
64,62,1,2044-07-01 00:00:00,8
65,63,1,2039-07-01 00:00:00,0
66,83,1,2043-07-01 00:00:00,0
67,55,1,2047-07-01 00:00:00,2
68,57,1,2044-07-01 00:00:00,5
69,7,1,2033-07-01 00:00:00,3
70,60,1,2034-07-01 00:00:00,10
71,65,1,2030-07-01 00:00:00,9
72,2,1,2027-07-01 00:00:00,6
73,85,1,2027-07-01 00:00:00,0
74,21,1,2046-07-01 00:00:00,0
75,64,1,2036-07-01 00:00:00,3
76,2,1,2029-07-01 00:00:00,3
77,2,1,2032-07-01 00:00:00,2
78,76,1,2026-07-01 00:00:00,4
79,22,1,2027-07-01 00:00:00,0
80,67,1,2039-07-01 00:00:00,5
81,6,1,2051-07-01 00:00:00,0
82,65,1,2032-07-01 00:00:00,0
83,4,2,2028-07-01 00:00:00,0
84,56,2,2034-07-01 00:00:00,0
85,2,2,2033-07-01 00:00:00,0
86,1,2,2036-07-01 00:00:00,1
87,1,2,2037-07-01 00:00:00,0
88,91,2,2050-07-01 00:00:00,0
89,58,2,2050-07-01 00:00:00,0
90,7,2,2028-07-01 00:00:00,6
91,58,2,2040-07-01 00:00:00,1
92,89,2,2044-07-01 00:00:00,0
93,5,2,2027-07-01 00:00:00,5
94,5,2,2029-07-01 00:00:00,3
95,5,2,2030-07-01 00:00:00,1
96,5,2,2031-07-01 00:00:00,0
97,55,2,2039-07-01 00:00:00,5
98,70,2,2035-07-01 00:00:00,0
99,88,2,2046-07-01 00:00:00,0
100,67,2,2039-07-01 00:00:00,5
101,6,2,2034-07-01 00:00:00,0
102,12,2,2030-07-01 00:00:00,3
103,12,2,2032-07-01 00:00:00,2
104,12,2,2033-07-01 00:00:00,0
105,65,2,2030-07-01 00:00:00,8
106,60,2,2046-07-01 00:00:00,6
107,12,2,2033-07-01 00:00:00,0
108,60,2,2049-07-01 00:00:00,2
109,4,2,2025-07-01 00:00:00,2
110,64,2,2045-07-01 00:00:00,0
111,57,2,2045-07-01 00:00:00,3
112,18,2,2033-07-01 00:00:00,1
113,18,2,2044-07-01 00:00:00,0
114,7,2,2027-07-01 00:00:00,9
115,7,2,2031-07-01 00:00:00,5
116,1,2,2029-07-01 00:00:00,4
117,1,2,2030-07-01 00:00:00,3
118,1,2,2031-07-01 00:00:00,2
119,55,2,2042-07-01 00:00:00,4
120,67,2,2033-07-01 00:00:00,13
121,16,2,2027-07-01 00:00:00,1
122,87,2,2026-07-01 00:00:00,0
123,76,2,2037-07-01 00:00:00,0
124,60,2,2050-07-01 00:00:00,0
125,62,2,2044-07-01 00:00:00,8
126,63,2,2039-07-01 00:00:00,0
127,83,2,2043-07-01 00:00:00,0
128,55,2,2047-07-01 00:00:00,2
129,57,2,2044-07-01 00:00:00,5
130,7,2,2033-07-01 00:00:00,0
131,60,2,2034-07-01 00:00:00,10
132,65,2,2030-07-01 00:00:00,9
133,2,2,2032-07-01 00:00:00,2
134,85,2,2027-07-01 00:00:00,0
135,21,2,2046-07-01 00:00:00,0
136,64,2,2036-07-01 00:00:00,3
137,2,2,2027-07-01 00:00:00,5
138,2,2,2028-07-01 00:00:00,4
139,76,2,2026-07-01 00:00:00,4
140,22,2,2027-07-01 00:00:00,0
141,67,2,2039-07-01 00:00:00,5
142,6,2,2034-07-01 00:00:00,0
143,65,2,2032-07-01 00:00:00,0
144,4,3,2027-07-01 00:00:00,1
145,4,3,2028-07-01 00:00:00,0
146,56,3,2034-07-01 00:00:00,0
147,2,3,2030-07-01 00:00:00,0
148,1,3,2030-07-01 00:00:00,1
149,1,3,2031-07-01 00:00:00,0
150,91,3,2050-07-01 00:00:00,0
151,58,3,2050-07-01 00:00:00,0
152,7,3,2028-07-01 00:00:00,3
153,58,3,2040-07-01 00:00:00,1
154,89,3,2044-07-01 00:00:00,0
155,5,3,2029-07-01 00:00:00,4
156,5,3,2030-07-01 00:00:00,0
157,55,3,2036-07-01 00:00:00,5
158,70,3,2035-07-01 00:00:00,0
159,88,3,2046-07-01 00:00:00,0
160,67,3,2039-07-01 00:00:00,5
161,6,3,2028-07-01 00:00:00,2
162,12,3,2027-07-01 00:00:00,0
163,65,3,2030-07-01 00:00:00,8
164,60,3,2046-07-01 00:00:00,6
165,12,3,2027-07-01 00:00:00,0
166,60,3,2049-07-01 00:00:00,2
167,4,3,2025-07-01 00:00:00,2
168,64,3,2045-07-01 00:00:00,0
169,57,3,2045-07-01 00:00:00,3
170,18,3,2033-07-01 00:00:00,1
171,18,3,2044-07-01 00:00:00,0
172,7,3,2031-07-01 00:00:00,0
173,1,3,2028-07-01 00:00:00,5
174,1,3,2029-07-01 00:00:00,2
175,55,3,2042-07-01 00:00:00,4
176,67,3,2033-07-01 00:00:00,13
177,16,3,2027-07-01 00:00:00,1
178,87,3,2026-07-01 00:00:00,0
179,76,3,2037-07-01 00:00:00,0
180,60,3,2050-07-01 00:00:00,0
181,62,3,2044-07-01 00:00:00,8
182,63,3,2039-07-01 00:00:00,0
183,83,3,2043-07-01 00:00:00,0
184,55,3,2047-07-01 00:00:00,2
185,57,3,2044-07-01 00:00:00,5
186,7,3,2027-07-01 00:00:00,6
187,60,3,2034-07-01 00:00:00,10
188,65,3,2030-07-01 00:00:00,9
189,2,3,2027-07-01 00:00:00,6
190,85,3,2027-07-01 00:00:00,0
191,21,3,2046-07-01 00:00:00,0
192,64,3,2036-07-01 00:00:00,3
193,2,3,2028-07-01 00:00:00,5
194,2,3,2029-07-01 00:00:00,3
195,2,3,2030-07-01 00:00:00,0
196,76,3,2026-07-01 00:00:00,4
197,22,3,2027-07-01 00:00:00,0
198,67,3,2039-07-01 00:00:00,5
199,6,3,2030-07-01 00:00:00,1
200,6,3,2033-07-01 00:00:00,0
201,65,3,2032-07-01 00:00:00,0
