id,name,alias,fuel,tech,type,capacity,forate,bus_id,pmin,pmax,rup,rdw,investment,active,cvar,cfuel,cvom,cfom,co2,slope,hrate,pfrmax,g,inertia,ffr,pfr,res2,res3,powerfactor,latitude,longitude,n,contingency
1,Coal_CNSW_1,Coal_CNSW_1,Coal,Coal,Coal,684.17,0.67,6,256.67,684.17,3.67,3.67,0,1,29.24,2.57,5.1,0.06,859.86,0.3,9.38,68.42,0,4,0,1,1,0,0.85,0,0,6,1
2,Coal_CQ_1,Coal_CQ_1,Coal,Coal,Coal,375.5,0.84,2,153.75,375.5,4,4,0,1,26.81,2.38,5.02,0.06,885.93,0.3,9.15,37.55,0,4,0,1,1,0,0.85,0,0,8,1
4,Coal_SNW_1,Coal_SNW_1,Coal,Coal,Coal,700,0.67,7,223.33,700,5.33,5.33,0,1,31.09,2.71,5.1,0.06,900.86,0.3,9.59,70,0,4,0,1,1,0,0.85,0,0,6,1
5,Gladstone,GSTONE1,Coal,Black Coal QLD,Steam Sub Critical,280,0.83625576,3,110,280,5,5,0,1,31.395093303014946,2.7836462573213545,5.023707707338957,0.06348,985.8045036566772,0.3,9.473684210526315,28,0,4,0,1,1,0,0.85,0,0,6,1
6,Coal_SQ_1,Coal_SQ_1,Coal,Coal,Coal,532,0.84,4,243.33,532,6,6,0,1,18.81,1.52,5.02,0.06,837.48,0.3,9.07,53.2,0,4,0,1,1,0,0.85,0,0,3,1
7,Coal_VIC_1,Coal_VIC_1,Coal,Coal,Coal,482,0.83,9,264,482,5.2,5.2,0,1,14.56,0.76,4.78,0.16,1204.42,0.3,12.93,48.2,0,4,0,1,1,0,0.85,0,0,10,1
12,Coal_SQ_2,Coal_SQ_2,Coal,Coal,Coal,370,0.84,4,148,370,4,4,0,1,32.71,3.04,5.02,0.06,886.6,0.3,9.1,37,0,4,0,1,1,0,0.85,0,0,5,1
16,Diesel_CSA_1,Diesel_CSA_1,Diesel,Diesel,Diesel,36.5,0.9,11,7.3,36.5,3,3,0,1,466.32,35.43,12.82,0.02,1118.31,0.6,12.8,3.65,0,4,0,1,1,0,0.85,-34.5035,139.0245,3,1
17,Diesel_CSA_2,Diesel_CSA_2,Diesel,Diesel,Diesel,33.75,0.9,11,6.75,33.75,3,3,0,1,293.06,35.43,13.34,0.02,657.98,0.6,7.89,3.38,0,4,0,1,1,0,0.85,-35.1097,138.491,2,1
18,Mt Stuart,MSTUART1,Diesel,Diesel,Reciprocating Engine,141.16666666666666,0.9020784,1,28.23,141.16666666666666,9999,9999,0,1,433.5339871355697,35.43153658193376,12.565235667049695,0.01808,1001.6305644669512,0.6,11.881188118811883,14.116666666666667,0,4,0,1,1,0,0.85,-19.337998,146.851171,3,1
21,Snapper Point Power Station,SNAPPER1,Diesel,Diesel,Reciprocating Engine,30.8,0.9020784,11,6.16,30.8,9999,9999,0,1,183.53552196346035,16.751700046219494,12.83177896958382,0.013470000000000001,541.6007456765004,0.6,10.190233977619531,3.08,0,4,0,1,1,0,0.85,-34.765,138.5053,5,1
22,Snuggery,SNUG1,Diesel,Diesel,Reciprocating Engine,21,0.9020784,12,4.2,21,9999,9999,0,1,488.51124945421964,35.43153658193376,12.565235667049695,0.01808,1106.8763326226012,0.6,13.432835820895521,2.1,0,4,0,1,1,0,0.85,-37.66455,140.415558,3,1
23,Hydro_NQ,Hydro_NQ,Hydro,Hydro,Hydro,26.07,0.93439578,1,5.21,26.07,9999,9999,0,1,8.579681333911427,0,8.579681333911427,0.06951,0,0.6,0,2.61,0,2.5,0,1,1,0,0.85,-16.85086,145.6469,6,1
24,Hydro_TAS,Hydro_TAS,Hydro,Hydro,Hydro,48.37,0.93439578,10,9.67,48.37,9999,9999,0,1,8.579681333911427,0,8.579681333911427,0.06951,0,0.6,0,4.84,0,2.5,0,1,1,0,0.85,-41.736,145.5321,45,1
25,Hydro_SNSW,Hydro_SNSW,Hydro,Hydro,Hydro,65.42,0.93439578,8,13.08,65.42,9999,9999,0,1,8.579681333911427,0,8.579681333911427,0.06951,0,0.6,0,6.54,0,2.5,0,1,1,0,0.85,-35.3986,148.246272,12,1
26,Hydro_VIC,Hydro_VIC,Hydro,Hydro,Hydro,54.12,0.93439578,9,10.82,54.12,9999,9999,0,1,8.579681333911427,0,8.579681333911427,0.06951,0,0.6,0,5.41,0,2.5,0,1,1,0,0.85,-36.8067,147.2287,41,1
53,Kogan Gas,Kogan Gas,Hydrogen,Hydrogen-based gas turbines,Hydrogen-based gas turbines,200,0.98,4,0,200,22,22,0,1,40.6334,0,40.6334,0.0695045,580.9846703741154,0.4,12.72,20,0,4,0,1,1,0,0.85,0,0,1,1
54,SA Hydrogen Turbine,SA Hydrogen Turbine,Hydrogen,Hydrogen-based gas turbines,Hydrogen-based gas turbines,200,0.98,11,0,200,22,22,0,1,331.29892397668567,22.851063205714283,40.6334,0.0695045,580.9846703741154,0.4,12.72,20,0,4,0,1,1,0,0.85,0,0,1,1
55,OCGT_VIC_1,OCGT_VIC_1,Natural Gas,OCGT,OCGT,212.86,0.91,9,60.96,212.86,3,3,0,1,192.79,16.6,11.17,0.02,545.32,0.6,10.94,21.29,0,4,0,1,1,0,0.85,0,0,7,1
56,Barcaldine Power Station,BARCALDN,Natural Gas,OCGT,OCGT,37,0.9020784,2,12.21,37,9999,9999,0,1,229.6735250362119,17.067123858742477,12.565235667049695,0.01808,793.2628797886395,0.6,12.7208480565371,3.7,0,4,0,1,1,0,0.85,-23.55245,145.314186,1,1
57,OCGT_CSA_1,OCGT_CSA_1,Natural Gas,OCGT,OCGT,81.03,0.9,11,68.21,81.03,3,3,0,1,185.4,16.86,12.71,0.02,589.86,0.6,10.24,8.1,0,4,0,1,1,0,0.85,-34.804443,138.525566,7,1
58,OCGT_TAS_1,OCGT_TAS_1,Natural Gas,OCGT,OCGT,44.5,0.9,10,14.68,44.5,3,3,0,1,215.68,16.65,12.57,0.02,618.77,0.6,12.21,4.45,0,4,0,1,1,0,0.85,0,0,4,1
60,OCGT_SQ_1,OCGT_SQ_1,Natural Gas,OCGT,OCGT,150.9,0.91,4,49.8,150.9,3,3,0,1,209.58,16.85,12.57,0.02,632.63,0.6,11.69,15.09,0,4,0,1,1,0,0.85,0,0,10,1
62,OCGT_SNW_1,OCGT_SNW_1,Natural Gas,OCGT,OCGT,219.89,0.91,7,72.56,219.89,3,3,0,1,211.89,17.27,10.98,0.02,628.3,0.6,11.64,21.99,0,4,0,1,1,0,0.85,0,0,9,1
63,Condamine A,CPSA,Natural Gas,CCGT,CCGT,48.13333333333333,0.93552486,4,20,48.13333333333333,1,1,0,1,123.43193475857105,15.73080743257225,8.794471687194328,0.01253,448.7800299499554,0.4,7.28744939271255,4.8133333333333335,0,4,0,1,1,0,0.85,0,0,3,1
64,CCGT_SQ_1,CCGT_SQ_1,Natural Gas,CCGT,CCGT,205.9,0.94,4,65.64,205.9,5,5,0,1,124.94,15.72,8.79,0.01,415.33,0.4,7.39,20.590000000000003,0,4,0,1,1,0,0.85,0,0,5,1
65,OCGT_CSA_2,OCGT_CSA_2,Natural Gas,OCGT,OCGT,32.68,0.9,11,10.78,32.68,3,3,0,1,254.6,16.68,12.57,0.02,692.62,0.6,14.52,3.27,0,4,0,1,1,0,0.85,-34.847463,138.581758,16,1
67,OCGT_VIC_2,OCGT_VIC_2,Natural Gas,OCGT,OCGT,56.88,0.9,9,18.77,56.88,3,3,0,1,259.76,16.44,12.57,0.02,771.14,0.6,15.04,5.69,0,4,0,1,1,0,0.85,0,0,16,1
70,Ladbroke Grove,LADBROK1,Natural Gas,OCGT,OCGT,40,0.9020784,12,13.2,40,9999,9999,0,1,209.7995548522769,16.600555198089953,12.565235667049695,0.01808,516.2363713597961,0.6,11.881188118811883,4,0,4,0,1,1,0,0.85,0,0,2,1
76,CCGT_CSA_1,CCGT_CSA_1,Natural Gas,CCGT,CCGT,141.8,0.94,11,72,141.8,2.87,2.87,0,1,129.22,15.69,8.79,0.01,406.02,0.4,7.67,14.180000000000001,0,4,0,1,1,0,0.85,0,0,5,1
83,Tallawarra,TALWA1,Natural Gas,CCGT,CCGT,220,0.93552486,7,190,220,8,8,0,1,120.17177260732029,15.933141659406909,8.794471687194328,0.01253,370.9712367628364,0.4,6.990291262135922,22,0,4,0,1,1,0,0.85,-34.5228,150.8081,2,1
85,Tamar Valley Combined Cycle,TVCC201,Natural Gas,CCGT,CCGT,208,0.93552486,10,70.8,208,6,6,0,1,123.5000541926381,15.740154932691452,8.794471687194328,0.12593000000000001,618.7694024904949,0.4,7.28744939271255,20.8,0,4,0,1,1,0,0.85,-41.140125,146.903636,1,1
87,Torrens Island B,TORRB1,Natural Gas,OCGT,Gas-powered steam turbine,200,0.91781888,11,40,200,5,5,0,1,183.88065862389587,16.902844894349037,2.7787490415847804,0.056240000000000005,593.041085228738,0.6,10.714285714285714,20,0,4,0,1,1,0,0.85,0,0,4,1
88,Townsville Power Station,YABULU,Natural Gas,CCGT,CCGT,122,0.93552486,1,83,122,5.7,5.7,0,1,128.2663903986004,15.7304692970018,8.794471687194328,0.01253,571.8091915765218,0.4,7.59493670886076,12.200000000000001,0,4,0,1,1,0,0.85,0,0,2,1
89,Uranquinty,URANQ11,Natural Gas,OCGT,OCGT,173,0.91781888,8,57.09,173,9999,9999,0,1,198.67403894174657,16.69809540492419,12.565235667049695,0.01808,564.2196299275946,0.6,11.145510835913313,17.3,0,4,0,1,1,0,0.85,0,0,4,1
91,Yarwun Cogen,YARWUN_1,Natural Gas,CCGT,CCGT,180,0.93552486,3,106,180,10,10,0,1,172.6754193691214,15.796302457119086,8.794471687194328,0.01253,0,0.4,10.374639769452449,18,0,4,0,1,1,0,0.85,0,0,1,1
92,RTPV_NQ,RTPV_NQ,Solar,RoofPV,RoofPV,100,1,1,0,100,9999.9,9999.9,0,0,0,0,0,0,0,1,0,0,0,0,0,0,0,0,1,-17.79385,145.5635,1,0
93,RTPV_CQ,RTPV_CQ,Solar,RoofPV,RoofPV,100,1,2,0,100,9999.9,9999.9,0,0,0,0,0,0,0,1,0,0,0,0,0,0,0,0,1,-22.8242,149.40361,1,0
94,RTPV_GG,RTPV_GG,Solar,RoofPV,RoofPV,100,1,3,0,100,9999.9,9999.9,0,1,0,0,0,0,0,1,0,0,0,0,0,0,0,0,1,-23.842948,151.248803,1,0
95,RTPV_SQ,RTPV_SQ,Solar,RoofPV,RoofPV,100,1,4,0,100,9999.9,9999.9,0,0,0,0,0,0,0,1,0,0,0,0,0,0,0,0,1,-27.476625,153.029934,1,0
96,RTPV_NNSW,RTPV_NNSW,Solar,RoofPV,RoofPV,100,1,5,0,100,9999.9,9999.9,0,0,0,0,0,0,0,1,0,0,0,0,0,0,0,0,1,-30.504711,151.652465,1,0
97,RTPV_CNSW,RTPV_CNSW,Solar,RoofPV,RoofPV,100,1,6,0,100,9999.9,9999.9,0,0,0,0,0,0,0,1,0,0,0,0,0,0,0,0,1,-33.4833,150.157717,1,0
98,RTPV_SNW,RTPV_SNW,Solar,RoofPV,RoofPV,100,1,7,0,100,9999.9,9999.9,0,0,0,0,0,0,0,1,0,0,0,0,0,0,0,0,1,-33.865,151.209444,1,0
99,RTPV_SNSW,RTPV_SNSW,Solar,RoofPV,RoofPV,100,1,8,0,100,9999.9,9999.9,0,0,0,0,0,0,0,1,0,0,0,0,0,0,0,0,1,-35.11098,147.359907,1,0
100,RTPV_VIC,RTPV_VIC,Solar,RoofPV,RoofPV,100,1,9,0,100,9999.9,9999.9,0,0,0,0,0,0,0,1,0,0,0,0,0,0,0,0,1,-37.766053,144.943397,1,0
101,RTPV_TAS,RTPV_TAS,Solar,RoofPV,RoofPV,100,1,10,0,100,9999.9,9999.9,0,0,0,0,0,0,0,1,0,0,0,0,0,0,0,0,1,-42.880556,147.325,1,0
102,RTPV_CSA,RTPV_CSA,Solar,RoofPV,RoofPV,100,1,11,0,100,9999.9,9999.9,0,0,0,0,0,0,0,1,0,0,0,0,0,0,0,0,1,-34.80268,138.52164,1,0
103,RTPV_SESA,RTPV_SESA,Solar,RoofPV,RoofPV,100,1,12,0,100,9999.9,9999.9,0,1,0,0,0,0,0,1,0,0,0,0,0,0,0,0,1,-37.6047,140.8373,1,0
104,LSPV_CQ,LSPV_CQ,Solar,LargePV,LargePV,869.9,1,2,0,869.9,9999.9,9999.9,0,1,0,0,0,0,0,1,0,0,0,0,0,0,0,0,1,-22.8242,149.40361,1,0
105,LSPV_VIC,LSPV_VIC,Solar,LargePV,LargePV,1313.6799999999998,1,9,0,1313.6799999999998,9999.9,9999.9,0,1,0,0,0,0,0,1,0,0,0,0,0,0,0,0,1,-37.766053,144.943397,1,0
106,LSPV_NNSW,LSPV_NNSW,Solar,LargePV,LargePV,721,1,5,0,721,9999.9,9999.9,0,1,0,0,0,0,0,1,0,0,0,0,0,0,0,0,1,-30.504711,151.652465,1,0
107,LSPV_SQ,LSPV_SQ,Solar,LargePV,LargePV,2042.66,1,4,0,2042.66,9999.9,9999.9,0,1,0,0,0,0,0,1,0,0,0,0,0,0,0,0,1,-27.476625,153.029934,1,0
108,LSPV_CSA,LSPV_CSA,Solar,LargePV,LargePV,648.04,1,11,0,648.04,9999.9,9999.9,0,1,0,0,0,0,0,1,0,0,0,0,0,0,0,0,1,-34.80268,138.52164,1,0
109,LSPV_NQ,LSPV_NQ,Solar,LargePV,LargePV,599.97,1,1,0,599.97,9999.9,9999.9,0,1,0,0,0,0,0,1,0,0,0,0,0,0,0,0,1,-17.79385,145.5635,1,0
110,LSPV_SNSW,LSPV_SNSW,Solar,LargePV,LargePV,2345.46,1,8,0,2345.46,9999.9,9999.9,0,1,0,0,0,0,0,1,0,0,0,0,0,0,0,0,1,-35.11098,147.359907,1,0
111,LSPV_CNSW,LSPV_CNSW,Solar,LargePV,LargePV,2053.7799999999997,1,6,0,2053.7799999999997,9999.9,9999.9,0,1,0,0,0,0,0,1,0,0,0,0,0,0,0,0,1,-33.4833,150.157717,1,0
112,LSPV_TAS,LSPV_TAS,Solar,LargePV,LargePV,0,1,10,0,0,9999.9,9999.9,0,1,0,0,0,0,0,1,0,0,0,0,0,0,0,0,1,-42.880556,147.325,1,0
113,LSPV_SESA,LSPV_SESA,Solar,LargePV,LargePV,42.9,1,12,0,42.9,9999.9,9999.9,0,1,0,0,0,0,0,1,0,0,0,0,0,0,0,0,1,-37.6047,140.8373,1,0
114,WIND_CQ,WIND_CQ,Wind,Wind,Wind,450,1,2,0,450,9999.9,9999.9,0,1,0,0,0,0,0,1,0,0,0,0,0,0,0,0,1,-22.8242,149.40361,1,0
115,WIND_VIC,WIND_VIC,Wind,Wind,Wind,5362.159999999998,1,9,0,5362.159999999998,9999.9,9999.9,0,1,0,0,0,0,0,1,0,0,0,0,0,0,0,0,1,-37.766053,144.943397,1,0
116,WIND_NNSW,WIND_NNSW,Wind,Wind,Wind,442.48,1,5,0,442.48,9999.9,9999.9,0,1,0,0,0,0,0,1,0,0,0,0,0,0,0,0,1,-30.504711,151.652465,1,0
117,WIND_SQ,WIND_SQ,Wind,Wind,Wind,877.88,1,4,0,877.88,9999.9,9999.9,0,1,0,0,0,0,0,1,0,0,0,0,0,0,0,0,1,-27.476625,153.029934,1,0
118,WIND_CSA,WIND_CSA,Wind,Wind,Wind,2435.99,1,11,0,2435.99,9999.9,9999.9,0,1,0,0,0,0,0,1,0,0,0,0,0,0,0,0,1,-34.80268,138.52164,1,0
119,WIND_NQ,WIND_NQ,Wind,Wind,Wind,380.52,1,1,0,380.52,9999.9,9999.9,0,1,0,0,0,0,0,1,0,0,0,0,0,0,0,0,1,-17.79385,145.5635,1,0
120,WIND_SNSW,WIND_SNSW,Wind,Wind,Wind,1873.85,1,8,0,1873.85,9999.9,9999.9,0,1,0,0,0,0,0,1,0,0,0,0,0,0,0,0,1,-35.11098,147.359907,1,0
121,WIND_CNSW,WIND_CNSW,Wind,Wind,Wind,507.24,1,6,0,507.24,9999.9,9999.9,0,1,0,0,0,0,0,1,0,0,0,0,0,0,0,0,1,-33.4833,150.157717,1,0
122,WIND_TAS,WIND_TAS,Wind,Wind,Wind,563.35,1,10,0,563.35,9999.9,9999.9,0,1,0,0,0,0,0,1,0,0,0,0,0,0,0,0,1,-42.880556,147.325,1,0
123,WIND_SESA,WIND_SESA,Wind,Wind,Wind,324.5,1,12,0,324.5,9999.9,9999.9,0,1,0,0,0,0,0,1,0,0,0,0,0,0,0,0,1,-37.6047,140.8373,1,0
