id,h2dem_id,scenario,date,value
1,1,1,2024-07-01 00:00:00,0
2,1,1,2025-07-01 00:00:00,0
3,1,1,2026-07-01 00:00:00,0
4,1,1,2027-07-01 00:00:00,0
5,1,1,2028-07-01 00:00:00,0
6,1,1,2029-07-01 00:00:00,0
7,1,1,2030-07-01 00:00:00,0
8,1,1,2031-07-01 00:00:00,0
9,1,1,2032-07-01 00:00:00,0
10,1,1,2033-07-01 00:00:00,0
11,1,1,2034-07-01 00:00:00,0
12,1,1,2035-07-01 00:00:00,0
13,1,1,2036-07-01 00:00:00,0
14,1,1,2037-07-01 00:00:00,0
15,1,1,2038-07-01 00:00:00,0
16,1,1,2039-07-01 00:00:00,0
17,1,1,2040-07-01 00:00:00,0
18,1,1,2041-07-01 00:00:00,0
19,1,1,2042-07-01 00:00:00,0
20,1,1,2043-07-01 00:00:00,0
21,1,1,2044-07-01 00:00:00,0
22,1,1,2045-07-01 00:00:00,0
23,1,1,2046-07-01 00:00:00,0
24,1,1,2047-07-01 00:00:00,0
25,1,1,2048-07-01 00:00:00,0
26,1,1,2049-07-01 00:00:00,0
27,1,2,2024-07-01 00:00:00,0
28,1,2,2025-07-01 00:00:00,0
29,1,2,2026-07-01 00:00:00,0
30,1,2,2027-07-01 00:00:00,5600.239756384803
31,1,2,2028-07-01 00:00:00,22400.959025539218
32,1,2,2029-07-01 00:00:00,58802.51492193229
33,1,2,2030-07-01 00:00:00,89603.8439424933
34,1,2,2031-07-01 00:00:00,111994.61529086092
35,1,2,2032-07-01 00:00:00,125972.63311280709
36,1,2,2033-07-01 00:00:00,139996.76471357865
37,1,2,2034-07-01 00:00:00,139996.76471357865
38,1,2,2035-07-01 00:00:00,154006.60170094256
39,1,2,2036-07-01 00:00:00,168007.14648956148
40,1,2,2037-07-01 00:00:00,181989.79291012918
41,1,2,2038-07-01 00:00:00,182007.7990828065
42,1,2,2039-07-01 00:00:00,200908.6185510468
43,1,2,2040-07-01 00:00:00,210009.00066485067
44,1,2,2041-07-01 00:00:00,210009.00066485067
45,1,2,2042-07-01 00:00:00,224009.48525088618
46,1,2,2043-07-01 00:00:00,238010.21344737546
47,1,2,2044-07-01 00:00:00,238010.21344737546
48,1,2,2045-07-01 00:00:00,252010.78903731614
49,1,2,2046-07-01 00:00:00,266011.4108292394
50,1,2,2047-07-01 00:00:00,266011.4108292394
51,1,2,2048-07-01 00:00:00,279999.8030963717
52,1,2,2049-07-01 00:00:00,294012.6012108029
53,1,3,2024-07-01 00:00:00,0
54,1,3,2025-07-01 00:00:00,0
55,1,3,2026-07-01 00:00:00,0
56,1,3,2027-07-01 00:00:00,139387.57291779612
57,1,3,2028-07-01 00:00:00,334550.38236030797
58,1,3,2029-07-01 00:00:00,627276.6492292406
59,1,3,2030-07-01 00:00:00,936744.2408190221
60,1,3,2031-07-01 00:00:00,1324219.318535568
61,1,3,2032-07-01 00:00:00,1491542.1699246024
62,1,3,2033-07-01 00:00:00,1672757.5740859376
63,1,3,2034-07-01 00:00:00,1881852.1624659286
64,1,3,2035-07-01 00:00:00,2118826.1511290944
65,1,3,2036-07-01 00:00:00,2369739.8239032556
66,1,3,2037-07-01 00:00:00,2676412.0881490717
67,1,3,2038-07-01 00:00:00,3010963.630009173
68,1,3,2039-07-01 00:00:00,3373394.441119774
69,1,3,2040-07-01 00:00:00,3805523.474842366
70,1,3,2041-07-01 00:00:00,4265531.812664573
71,1,3,2042-07-01 00:00:00,4809178.029330473
72,1,3,2043-07-01 00:00:00,5408582.580978534
73,1,3,2044-07-01 00:00:00,6077685.84591414
74,1,3,2045-07-01 00:00:00,6830426.765265134
75,1,3,2046-07-01 00:00:00,7680745.173690687
76,1,3,2047-07-01 00:00:00,8642579.977469524
77,1,3,2048-07-01 00:00:00,9715933.475249344
78,1,3,2049-07-01 00:00:00,10928682.827212144
79,2,3,2024-07-01 00:00:00,0
80,2,3,2025-07-01 00:00:00,0
81,2,3,2026-07-01 00:00:00,0
82,2,3,2027-07-01 00:00:00,64903.7976837986
83,2,3,2028-07-01 00:00:00,129956.43574442001
84,2,3,2029-07-01 00:00:00,394394.39216098154
85,2,3,2030-07-01 00:00:00,541971.9005001389
86,2,3,2031-07-01 00:00:00,701685.2008693746
87,2,3,2032-07-01 00:00:00,727765.7501357325
88,2,3,2033-07-01 00:00:00,758359.1863599371
89,2,3,2034-07-01 00:00:00,786167.0573963654
90,2,3,2035-07-01 00:00:00,828548.162921873
91,2,3,2036-07-01 00:00:00,880511.0068579698
92,2,3,2037-07-01 00:00:00,962442.4205754534
93,2,3,2038-07-01 00:00:00,1030170.2393028919
94,2,3,2039-07-01 00:00:00,1143722.3876133256
95,2,3,2040-07-01 00:00:00,1192084.2359400596
96,2,3,2041-07-01 00:00:00,1246999.3066365328
97,2,3,2042-07-01 00:00:00,1309906.330587948
98,2,3,2043-07-01 00:00:00,1382698.4151057738
99,2,3,2044-07-01 00:00:00,1467917.663553887
100,2,3,2045-07-01 00:00:00,1569059.5266468206
101,2,3,2046-07-01 00:00:00,1691051.3696258934
102,2,3,2047-07-01 00:00:00,1691051.3696258934
103,2,3,2048-07-01 00:00:00,1691051.3696258934
104,2,3,2049-07-01 00:00:00,1691051.3696258934
105,3,1,2024-07-01 00:00:00,247.10967849003143
106,3,1,2025-07-01 00:00:00,274.6820303567052
107,3,1,2026-07-01 00:00:00,274.8503959319573
108,3,1,2027-07-01 00:00:00,246.24189167950988
109,3,1,2028-07-01 00:00:00,8015.025537537251
110,3,1,2029-07-01 00:00:00,28365.9332116139
111,3,1,2030-07-01 00:00:00,23035.374856045823
112,3,1,2031-07-01 00:00:00,28310.069404228972
113,3,1,2032-07-01 00:00:00,36937.05602923491
114,3,1,2033-07-01 00:00:00,41762.045425795724
115,3,1,2034-07-01 00:00:00,45006.252798472684
116,3,1,2035-07-01 00:00:00,45466.01587528258
117,3,1,2036-07-01 00:00:00,45918.47978701856
118,3,1,2037-07-01 00:00:00,46360.15285321582
119,3,1,2038-07-01 00:00:00,46925.21040918146
120,3,1,2039-07-01 00:00:00,47626.417937685736
121,3,1,2040-07-01 00:00:00,47988.271926933245
122,3,1,2041-07-01 00:00:00,48551.795023665734
123,3,1,2042-07-01 00:00:00,49192.333243024375
124,3,1,2043-07-01 00:00:00,49758.28143218348
125,3,1,2044-07-01 00:00:00,50379.590189611314
126,3,1,2045-07-01 00:00:00,50938.56087209378
127,3,1,2046-07-01 00:00:00,51450.31552374643
128,3,1,2047-07-01 00:00:00,52098.718830931
129,3,1,2048-07-01 00:00:00,52860.59700780037
130,3,1,2049-07-01 00:00:00,52860.59700780037
131,3,2,2024-07-01 00:00:00,321.1432459054119
132,3,2,2025-07-01 00:00:00,320.8630808909907
133,3,2,2026-07-01 00:00:00,320.4418912301578
134,3,2,2027-07-01 00:00:00,319.8817239644785
135,3,2,2028-07-01 00:00:00,7093.574279143135
136,3,2,2029-07-01 00:00:00,30608.134937974915
137,3,2,2030-07-01 00:00:00,54728.755210022035
138,3,2,2031-07-01 00:00:00,77864.3435440311
139,3,2,2032-07-01 00:00:00,112765.84061490554
140,3,2,2033-07-01 00:00:00,112439.42813651181
141,3,2,2034-07-01 00:00:00,137285.53691469276
142,3,2,2035-07-01 00:00:00,150886.74895517912
143,3,2,2036-07-01 00:00:00,164952.22679109615
144,3,2,2037-07-01 00:00:00,178538.09144218385
145,3,2,2038-07-01 00:00:00,187741.93879623752
146,3,2,2039-07-01 00:00:00,219027.45348387441
147,3,2,2040-07-01 00:00:00,231170.0574897812
148,3,2,2041-07-01 00:00:00,248461.62438423137
149,3,2,2042-07-01 00:00:00,262552.6283787543
150,3,2,2043-07-01 00:00:00,277222.00333084835
151,3,2,2044-07-01 00:00:00,288492.6318190638
152,3,2,2045-07-01 00:00:00,301746.0129236488
153,3,2,2046-07-01 00:00:00,315144.8096288075
154,3,2,2047-07-01 00:00:00,324459.57704886736
155,3,2,2048-07-01 00:00:00,340745.6868005182
156,3,2,2049-07-01 00:00:00,353171.8719096948
157,3,3,2024-07-01 00:00:00,242.7806391755493
158,3,3,2025-07-01 00:00:00,264.40026099749986
159,3,3,2026-07-01 00:00:00,274.8621285926374
160,3,3,2027-07-01 00:00:00,236.53449572380333
161,3,3,2028-07-01 00:00:00,18160.279025204523
162,3,3,2029-07-01 00:00:00,34262.82217135876
163,3,3,2030-07-01 00:00:00,62802.681577634634
164,3,3,2031-07-01 00:00:00,99146.68059532747
165,3,3,2032-07-01 00:00:00,141341.0755429337
166,3,3,2033-07-01 00:00:00,160804.88222344682
167,3,3,2034-07-01 00:00:00,165384.58466559745
168,3,3,2035-07-01 00:00:00,187681.91683767023
169,3,3,2036-07-01 00:00:00,212452.98571209665
170,3,3,2037-07-01 00:00:00,236762.0919282554
171,3,3,2038-07-01 00:00:00,255620.58128300568
172,3,3,2039-07-01 00:00:00,276916.09578187874
173,3,3,2040-07-01 00:00:00,299848.0422877584
174,3,3,2041-07-01 00:00:00,324546.9728355893
175,3,3,2042-07-01 00:00:00,350879.6077659215
176,3,3,2043-07-01 00:00:00,375963.0510676088
177,3,3,2044-07-01 00:00:00,394602.82670234254
178,3,3,2045-07-01 00:00:00,418016.99799341673
179,3,3,2046-07-01 00:00:00,443926.45600093657
180,3,3,2047-07-01 00:00:00,460760.90010404837
181,3,3,2048-07-01 00:00:00,585773.3039054545
182,3,3,2049-07-01 00:00:00,612164.64987857
183,4,1,2024-07-01 00:00:00,131.31327523449664
184,4,1,2025-07-01 00:00:00,103.7409233678228
185,4,1,2026-07-01 00:00:00,103.57255779257072
186,4,1,2027-07-01 00:00:00,132.18106204501814
187,4,1,2028-07-01 00:00:00,3236.8957785690877
188,4,1,2029-07-01 00:00:00,6944.482093855936
189,4,1,2030-07-01 00:00:00,13656.869195673631
190,4,1,2031-07-01 00:00:00,29091.350686251615
191,4,1,2032-07-01 00:00:00,45980.04523133626
192,4,1,2033-07-01 00:00:00,57129.21965815668
193,4,1,2034-07-01 00:00:00,64980.71489030967
194,4,1,2035-07-01 00:00:00,65923.4912251385
195,4,1,2036-07-01 00:00:00,66849.43760972927
196,4,1,2037-07-01 00:00:00,67763.10557284458
197,4,1,2038-07-01 00:00:00,68836.45783820338
198,4,1,2039-07-01 00:00:00,70090.14781361712
199,4,1,2040-07-01 00:00:00,70813.5389561609
200,4,1,2041-07-01 00:00:00,71820.02154920578
201,4,1,2042-07-01 00:00:00,72979.51416100716
202,4,1,2043-07-01 00:00:00,74049.18856781589
203,4,1,2044-07-01 00:00:00,75200.48633491364
204,4,1,2045-07-01 00:00:00,76239.96743628981
205,4,1,2046-07-01 00:00:00,77128.15820292926
206,4,1,2047-07-01 00:00:00,78324.94638985244
207,4,1,2048-07-01 00:00:00,79470.35012909876
208,4,1,2049-07-01 00:00:00,79470.35012909876
209,4,2,2024-07-01 00:00:00,57.27970781911612
210,4,2,2025-07-01 00:00:00,57.559872833537355
211,4,2,2026-07-01 00:00:00,57.98106249437029
212,4,2,2027-07-01 00:00:00,58.541229760049546
213,4,2,2028-07-01 00:00:00,1322.8171680305904
214,4,2,2029-07-01 00:00:00,5782.097080555374
215,4,2,2030-07-01 00:00:00,10541.513583337839
216,4,2,2031-07-01 00:00:00,16227.25290191955
217,4,2,2032-07-01 00:00:00,25554.841424173348
218,4,2,2033-07-01 00:00:00,49622.25132449565
219,4,2,2034-07-01 00:00:00,72636.3305133915
220,4,2,2035-07-01 00:00:00,79949.86260512819
221,4,2,2036-07-01 00:00:00,87484.49541223339
222,4,2,2037-07-01 00:00:00,94743.311796465
223,4,2,2038-07-01 00:00:00,99702.20246555666
224,4,2,2039-07-01 00:00:00,116378.93227197406
225,4,2,2040-07-01 00:00:00,123052.14629346092
226,4,2,2041-07-01 00:00:00,132338.62400320946
227,4,2,2042-07-01 00:00:00,139768.28479299843
228,4,2,2043-07-01 00:00:00,147727.4458655843
229,4,2,2044-07-01 00:00:00,153881.20222641403
230,4,2,2045-07-01 00:00:00,161094.0246337289
231,4,2,2046-07-01 00:00:00,168388.92113486107
232,4,2,2047-07-01 00:00:00,173503.7991262343
233,4,2,2048-07-01 00:00:00,182348.3800287226
234,4,2,2049-07-01 00:00:00,189136.37566715793
235,4,3,2024-07-01 00:00:00,135.6423145489788
236,4,3,2025-07-01 00:00:00,114.02269272702824
237,4,3,2026-07-01 00:00:00,103.56082513189065
238,4,3,2027-07-01 00:00:00,141.8884580007247
239,4,3,2028-07-01 00:00:00,15136.44482680002
240,4,3,2029-07-01 00:00:00,32802.44591748007
241,4,3,2030-07-01 00:00:00,59631.75640319556
242,4,3,2031-07-01 00:00:00,87735.73140579769
243,4,3,2032-07-01 00:00:00,119478.40765163393
244,4,3,2033-07-01 00:00:00,125564.06651955981
245,4,3,2034-07-01 00:00:00,125186.25181639119
246,4,3,2035-07-01 00:00:00,132126.47806743294
247,4,3,2036-07-01 00:00:00,134240.67196697503
248,4,3,2037-07-01 00:00:00,143159.59279621724
249,4,3,2038-07-01 00:00:00,150270.15320940892
250,4,3,2039-07-01 00:00:00,158403.10704990814
251,4,3,2040-07-01 00:00:00,166569.93629051157
252,4,3,2041-07-01 00:00:00,174882.57003796485
253,4,3,2042-07-01 00:00:00,182794.56516455906
254,4,3,2043-07-01 00:00:00,194326.29218638683
255,4,3,2044-07-01 00:00:00,200601.06291712218
256,4,3,2045-07-01 00:00:00,204322.1811961428
257,4,3,2046-07-01 00:00:00,209336.83269982625
258,4,3,2047-07-01 00:00:00,217275.24042743474
259,4,3,2048-07-01 00:00:00,276225.7722243567
260,4,3,2049-07-01 00:00:00,288670.8083379189
261,5,1,2024-07-01 00:00:00,2890.8483924536777
262,5,1,2025-07-01 00:00:00,7158.290247314941
263,5,1,2026-07-01 00:00:00,14315.926039555025
264,5,1,2027-07-01 00:00:00,25744.101542442015
265,5,1,2028-07-01 00:00:00,42725.05439537782
266,5,1,2029-07-01 00:00:00,63592.00084447071
267,5,1,2030-07-01 00:00:00,64356.6792722156
268,5,1,2031-07-01 00:00:00,64496.08083791612
269,5,1,2032-07-01 00:00:00,66761.06439641521
270,5,1,2033-07-01 00:00:00,78989.3723874825
271,5,1,2034-07-01 00:00:00,79789.13073612175
272,5,1,2035-07-01 00:00:00,79787.63937176972
273,5,1,2036-07-01 00:00:00,79787.2316916896
274,5,1,2037-07-01 00:00:00,79792.46931411664
275,5,1,2038-07-01 00:00:00,80304.34327550442
276,5,1,2039-07-01 00:00:00,80640.07282964868
277,5,1,2040-07-01 00:00:00,80640.00714990243
278,5,1,2041-07-01 00:00:00,81200.64902952041
279,5,1,2042-07-01 00:00:00,81265.08622202942
280,5,1,2043-07-01 00:00:00,81630.18481234314
281,5,1,2044-07-01 00:00:00,81746.30418361737
282,5,1,2045-07-01 00:00:00,82020.54132950962
283,5,1,2046-07-01 00:00:00,82169.57426578616
284,5,1,2047-07-01 00:00:00,136464.8440862662
285,5,1,2048-07-01 00:00:00,190370.01962029785
286,5,1,2049-07-01 00:00:00,244289.11465961035
287,5,2,2024-07-01 00:00:00,2619.5648651400006
288,5,2,2025-07-01 00:00:00,6559.053364372455
289,5,2,2026-07-01 00:00:00,13284.719056519816
290,5,2,2027-07-01 00:00:00,23928.58431361356
291,5,2,2028-07-01 00:00:00,39945.62045195066
292,5,2,2029-07-01 00:00:00,59084.33403718276
293,5,2,2030-07-01 00:00:00,58915.60703378995
294,5,2,2031-07-01 00:00:00,58941.85376111012
295,5,2,2032-07-01 00:00:00,58764.24693021614
296,5,2,2033-07-01 00:00:00,80011.16217110933
297,5,2,2034-07-01 00:00:00,94427.70444237313
298,5,2,2035-07-01 00:00:00,104985.46330946306
299,5,2,2036-07-01 00:00:00,115652.65247414864
300,5,2,2037-07-01 00:00:00,126973.6120495971
301,5,2,2038-07-01 00:00:00,139532.38297218212
302,5,2,2039-07-01 00:00:00,150650.42428811616
303,5,2,2040-07-01 00:00:00,161718.6800175496
304,5,2,2041-07-01 00:00:00,182053.92834982014
305,5,2,2042-07-01 00:00:00,192959.60307081367
306,5,2,2043-07-01 00:00:00,204207.78330595378
307,5,2,2044-07-01 00:00:00,225701.8916709742
308,5,2,2045-07-01 00:00:00,229224.61101728395
309,5,2,2046-07-01 00:00:00,239052.64998633784
310,5,2,2047-07-01 00:00:00,252304.83737235705
311,5,2,2048-07-01 00:00:00,285731.80886939645
312,5,2,2049-07-01 00:00:00,285714.6653325518
313,5,3,2024-07-01 00:00:00,2673.860050075721
314,5,3,2025-07-01 00:00:00,6843.7841899598225
315,5,3,2026-07-01 00:00:00,13858.897614942847
316,5,3,2027-07-01 00:00:00,25166.88488089461
317,5,3,2028-07-01 00:00:00,42282.389822215104
318,5,3,2029-07-01 00:00:00,63571.32776698617
319,5,3,2030-07-01 00:00:00,85250.07976308637
320,5,3,2031-07-01 00:00:00,135835.829784806
321,5,3,2032-07-01 00:00:00,200518.8711654059
322,5,3,2033-07-01 00:00:00,230455.00659448383
323,5,3,2034-07-01 00:00:00,256116.71325929806
324,5,3,2035-07-01 00:00:00,285757.1796985901
325,5,3,2036-07-01 00:00:00,322033.808885489
326,5,3,2037-07-01 00:00:00,355170.9366442822
327,5,3,2038-07-01 00:00:00,384833.8096036524
328,5,3,2039-07-01 00:00:00,390026.63172231003
329,5,3,2040-07-01 00:00:00,417960.7939034012
330,5,3,2041-07-01 00:00:00,447155.10201600887
331,5,3,2042-07-01 00:00:00,495190.2362144347
332,5,3,2043-07-01 00:00:00,502852.4299469771
333,5,3,2044-07-01 00:00:00,532530.1667559244
334,5,3,2045-07-01 00:00:00,567083.1274999828
335,5,3,2046-07-01 00:00:00,591390.1944952467
336,5,3,2047-07-01 00:00:00,601512.8049944539
337,5,3,2048-07-01 00:00:00,607979.7203574743
338,5,3,2049-07-01 00:00:00,608760.2454917512
339,6,1,2024-07-01 00:00:00,572.081734129405
340,6,1,2025-07-01 00:00:00,1402.8425656265676
341,6,1,2026-07-01 00:00:00,2806.3395863279925
342,6,1,2027-07-01 00:00:00,5037.499582740941
343,6,1,2028-07-01 00:00:00,8545.549978755034
344,6,1,2029-07-01 00:00:00,13362.00196848666
345,6,1,2030-07-01 00:00:00,12597.323540741769
346,6,1,2031-07-01 00:00:00,12457.921975041272
347,6,1,2032-07-01 00:00:00,12879.932645634311
348,6,1,2033-07-01 00:00:00,15120.459469946229
349,6,1,2034-07-01 00:00:00,15275.676997232396
350,6,1,2035-07-01 00:00:00,15277.16836158441
351,6,1,2036-07-01 00:00:00,15277.576041664535
352,6,1,2037-07-01 00:00:00,15374.320283523366
353,6,1,2038-07-01 00:00:00,15476.712290103975
354,6,1,2039-07-01 00:00:00,15545.30342885459
355,6,1,2040-07-01 00:00:00,15545.369108600846
356,6,1,2041-07-01 00:00:00,15651.76967487112
357,6,1,2042-07-01 00:00:00,15771.035394316694
358,6,1,2043-07-01 00:00:00,15851.293836156932
359,6,1,2044-07-01 00:00:00,15881.65928994609
360,6,1,2045-07-01 00:00:00,15940.14009435282
361,6,1,2046-07-01 00:00:00,15974.353969147573
362,6,1,2047-07-01 00:00:00,26533.890616246146
363,6,1,2048-07-01 00:00:00,36966.968188958854
364,6,1,2049-07-01 00:00:00,47391.50264110568
365,6,2,2024-07-01 00:00:00,843.3652614430814
366,6,2,2025-07-01 00:00:00,2002.0794485690544
367,6,2,2026-07-01 00:00:00,3837.5465693631995
368,6,2,2027-07-01 00:00:00,6853.016811569405
369,6,2,2028-07-01 00:00:00,11324.9839221822
370,6,2,2029-07-01 00:00:00,17869.668775774622
371,6,2,2030-07-01 00:00:00,18038.395779167437
372,6,2,2031-07-01 00:00:00,18012.149051847267
373,6,2,2032-07-01 00:00:00,18189.755882741247
374,6,2,2033-07-01 00:00:00,24713.527541616215
375,6,2,2034-07-01 00:00:00,29235.777908939286
376,6,2,2035-07-01 00:00:00,32566.828897469364
377,6,2,2036-07-01 00:00:00,35920.05115048236
378,6,2,2037-07-01 00:00:00,39503.43602735232
379,6,2,2038-07-01 00:00:00,43491.21816440261
380,6,2,2039-07-01 00:00:00,47045.534879901315
381,6,2,2040-07-01 00:00:00,50600.707318575056
382,6,2,2041-07-01 00:00:00,57060.32883731867
383,6,2,2042-07-01 00:00:00,60912.38911489584
384,6,2,2043-07-01 00:00:00,64559.30943852788
385,6,2,2044-07-01 00:00:00,71464.28749531257
386,6,2,2045-07-01 00:00:00,72690.30270865107
387,6,2,2046-07-01 00:00:00,75877.49881123025
388,6,2,2047-07-01 00:00:00,80144.56201022511
389,6,2,2048-07-01 00:00:00,90812.58824089348
390,6,2,2049-07-01 00:00:00,90829.73177773818
391,6,3,2024-07-01 00:00:00,789.0700765073611
392,6,3,2025-07-01 00:00:00,1717.348622981687
393,6,3,2026-07-01 00:00:00,3263.368010940171
394,6,3,2027-07-01 00:00:00,5614.7162442883455
395,6,3,2028-07-01 00:00:00,8988.214551917752
396,6,3,2029-07-01 00:00:00,13382.67504597122
397,6,3,2030-07-01 00:00:00,18383.650273711675
398,6,3,2031-07-01 00:00:00,29810.258788546947
399,6,3,2032-07-01 00:00:00,44549.19468567816
400,6,3,2033-07-01 00:00:00,51820.62711227309
401,6,3,2034-07-01 00:00:00,58503.95304974253
402,6,3,2035-07-01 00:00:00,65739.1910054035
403,6,3,2036-07-01 00:00:00,74454.45085614178
404,6,3,2037-07-01 00:00:00,82373.9952658803
405,6,3,2038-07-01 00:00:00,90334.8316907477
406,6,3,2039-07-01 00:00:00,92897.79163294083
407,6,3,2040-07-01 00:00:00,99903.67242339939
408,6,3,2041-07-01 00:00:00,106026.96496517865
409,6,3,2042-07-01 00:00:00,118016.43547960745
410,6,3,2043-07-01 00:00:00,121495.05462697032
411,6,3,2044-07-01 00:00:00,127248.36724840644
412,6,3,2045-07-01 00:00:00,133815.35207033638
413,6,3,2046-07-01 00:00:00,139467.94637188743
414,6,3,2047-07-01 00:00:00,142355.19044211003
415,6,3,2048-07-01 00:00:00,143959.70607376602
416,6,3,2049-07-01 00:00:00,144384.96910325452
417,7,1,2024-07-01 00:00:00,1101.9832345123696
418,7,1,2025-07-01 00:00:00,1775.192530498194
419,7,1,2026-07-01 00:00:00,1775.192530498194
420,7,1,2027-07-01 00:00:00,1775.192530498194
421,7,1,2028-07-01 00:00:00,16672.73468699814
422,7,1,2029-07-01 00:00:00,46169.28261877604
423,7,1,2030-07-01 00:00:00,69640.16540831485
424,7,1,2031-07-01 00:00:00,105441.523696902
425,7,1,2032-07-01 00:00:00,187995.9727062087
426,7,1,2033-07-01 00:00:00,188938.49255902064
427,7,1,2034-07-01 00:00:00,193421.55563028823
428,7,1,2035-07-01 00:00:00,194533.52104490978
429,7,1,2036-07-01 00:00:00,194533.52104490978
430,7,1,2037-07-01 00:00:00,198421.07255728947
431,7,1,2038-07-01 00:00:00,199670.889915872
432,7,1,2039-07-01 00:00:00,200795.5304908022
433,7,1,2040-07-01 00:00:00,200795.5304908022
434,7,1,2041-07-01 00:00:00,201221.15306351354
435,7,1,2042-07-01 00:00:00,203160.10492239636
436,7,1,2043-07-01 00:00:00,204576.3949844089
437,7,1,2044-07-01 00:00:00,205675.89590212598
438,7,1,2045-07-01 00:00:00,206973.08011675134
439,7,1,2046-07-01 00:00:00,206973.08011675134
440,7,1,2047-07-01 00:00:00,209678.2457108999
441,7,1,2048-07-01 00:00:00,209678.2457108999
442,7,1,2049-07-01 00:00:00,231922.01771041477
443,7,2,2024-07-01 00:00:00,1101.9832345123696
444,7,2,2025-07-01 00:00:00,1775.192530498194
445,7,2,2026-07-01 00:00:00,1775.192530498194
446,7,2,2027-07-01 00:00:00,1775.192530498194
447,7,2,2028-07-01 00:00:00,3325.3992520060224
448,7,2,2029-07-01 00:00:00,8501.120544193242
449,7,2,2030-07-01 00:00:00,18633.90206372966
450,7,2,2031-07-01 00:00:00,57730.75639764936
451,7,2,2032-07-01 00:00:00,137533.61552980135
452,7,2,2033-07-01 00:00:00,149487.9522406106
453,7,2,2034-07-01 00:00:00,168867.7775875304
454,7,2,2035-07-01 00:00:00,177169.7956732094
455,7,2,2036-07-01 00:00:00,186192.4438819415
456,7,2,2037-07-01 00:00:00,198638.00967812486
457,7,2,2038-07-01 00:00:00,212257.48750656025
458,7,2,2039-07-01 00:00:00,222953.19587351632
459,7,2,2040-07-01 00:00:00,230847.6002567023
460,7,2,2041-07-01 00:00:00,248172.27940456447
461,7,2,2042-07-01 00:00:00,257418.56524313323
462,7,2,2043-07-01 00:00:00,267084.04210197594
463,7,2,2044-07-01 00:00:00,296155.9126416167
464,7,2,2045-07-01 00:00:00,301949.3719098755
465,7,2,2046-07-01 00:00:00,301949.3719098755
466,7,2,2047-07-01 00:00:00,309953.1827788234
467,7,2,2048-07-01 00:00:00,322533.2901725262
468,7,2,2049-07-01 00:00:00,332000.7890458236
469,7,3,2024-07-01 00:00:00,1101.9832345123696
470,7,3,2025-07-01 00:00:00,1775.192530498194
471,7,3,2026-07-01 00:00:00,1775.192530498194
472,7,3,2027-07-01 00:00:00,1775.192530498194
473,7,3,2028-07-01 00:00:00,38573.80266108284
474,7,3,2029-07-01 00:00:00,82285.50439632213
475,7,3,2030-07-01 00:00:00,140277.60113324126
476,7,3,2031-07-01 00:00:00,209497.47709330972
477,7,3,2032-07-01 00:00:00,295329.8820170804
478,7,3,2033-07-01 00:00:00,325042.30445147085
479,7,3,2034-07-01 00:00:00,346055.15611899237
480,7,3,2035-07-01 00:00:00,376149.9663064652
481,7,3,2036-07-01 00:00:00,405429.4491292982
482,7,3,2037-07-01 00:00:00,435271.75950461766
483,7,3,2038-07-01 00:00:00,435271.75950461766
484,7,3,2039-07-01 00:00:00,456241.7330871706
485,7,3,2040-07-01 00:00:00,482130.85362511093
486,7,3,2041-07-01 00:00:00,507827.5053859331
487,7,3,2042-07-01 00:00:00,533944.2680824436
488,7,3,2043-07-01 00:00:00,561000.758720581
489,7,3,2044-07-01 00:00:00,587483.030953974
490,7,3,2045-07-01 00:00:00,597277.0561386346
491,7,3,2046-07-01 00:00:00,607312.6583437131
492,7,3,2047-07-01 00:00:00,617405.5740400978
493,7,3,2048-07-01 00:00:00,628134.7942843918
494,7,3,2049-07-01 00:00:00,682404.4325843098
495,8,1,2024-07-01 00:00:00,0
496,8,1,2025-07-01 00:00:00,0
497,8,1,2026-07-01 00:00:00,0
498,8,1,2027-07-01 00:00:00,0
499,8,1,2028-07-01 00:00:00,141.16408361406334
500,8,1,2029-07-01 00:00:00,607.0715024068255
501,8,1,2030-07-01 00:00:00,1289.6481134881108
502,8,1,2031-07-01 00:00:00,1729.3042670899563
503,8,1,2032-07-01 00:00:00,2550.515484024439
504,8,1,2033-07-01 00:00:00,2568.3192678894484
505,8,1,2034-07-01 00:00:00,2748.2071410288804
506,8,1,2035-07-01 00:00:00,2848.953040540423
507,8,1,2036-07-01 00:00:00,2848.953040540423
508,8,1,2037-07-01 00:00:00,5217.534421107698
509,8,1,2038-07-01 00:00:00,5217.622643392953
510,8,1,2039-07-01 00:00:00,5242.788379450056
511,8,1,2040-07-01 00:00:00,5243.579746516313
512,8,1,2041-07-01 00:00:00,5362.438866266541
513,8,1,2042-07-01 00:00:00,5393.0967687685
514,8,1,2043-07-01 00:00:00,5512.810459610242
515,8,1,2044-07-01 00:00:00,5547.958481406611
516,8,1,2045-07-01 00:00:00,5547.958481406611
517,8,1,2046-07-01 00:00:00,5547.958481406611
518,8,1,2047-07-01 00:00:00,5547.958481406611
519,8,1,2048-07-01 00:00:00,5547.958481406611
520,8,1,2049-07-01 00:00:00,5547.958481406611
521,8,2,2024-07-01 00:00:00,0
522,8,2,2025-07-01 00:00:00,0
523,8,2,2026-07-01 00:00:00,0
524,8,2,2027-07-01 00:00:00,0
525,8,2,2028-07-01 00:00:00,3710.8927747660837
526,8,2,2029-07-01 00:00:00,8628.2646913033
527,8,2,2030-07-01 00:00:00,14752.940237841045
528,8,2,2031-07-01 00:00:00,21943.263941974714
529,8,2,2032-07-01 00:00:00,33337.75433438864
530,8,2,2033-07-01 00:00:00,35004.461542082725
531,8,2,2034-07-01 00:00:00,37535.71537725376
532,8,2,2035-07-01 00:00:00,38232.892391405316
533,8,2,2036-07-01 00:00:00,38538.81776790504
534,8,2,2037-07-01 00:00:00,40099.47765564603
535,8,2,2038-07-01 00:00:00,41482.07678189442
536,8,2,2039-07-01 00:00:00,42106.97551840278
537,8,2,2040-07-01 00:00:00,42961.72382675634
538,8,2,2041-07-01 00:00:00,44460.32873464971
539,8,2,2042-07-01 00:00:00,45115.50237489735
540,8,2,2043-07-01 00:00:00,45743.892092542716
541,8,2,2044-07-01 00:00:00,47183.0959889671
542,8,2,2045-07-01 00:00:00,47183.0959889671
543,8,2,2046-07-01 00:00:00,47444.755768045565
544,8,2,2047-07-01 00:00:00,48493.3573747639
545,8,2,2048-07-01 00:00:00,49500.27363458163
546,8,2,2049-07-01 00:00:00,49759.33756837611
547,8,3,2024-07-01 00:00:00,0
548,8,3,2025-07-01 00:00:00,0
549,8,3,2026-07-01 00:00:00,0
550,8,3,2027-07-01 00:00:00,0
551,8,3,2028-07-01 00:00:00,591.282944717084
552,8,3,2029-07-01 00:00:00,1232.8026969292164
553,8,3,2030-07-01 00:00:00,2731.352780776609
554,8,3,2031-07-01 00:00:00,5139.063539727925
555,8,3,2032-07-01 00:00:00,8160.042226569033
556,8,3,2033-07-01 00:00:00,9748.998580284971
557,8,3,2034-07-01 00:00:00,11344.061756839734
558,8,3,2035-07-01 00:00:00,13144.84309540509
559,8,3,2036-07-01 00:00:00,15252.564857074165
560,8,3,2037-07-01 00:00:00,17642.724089459796
561,8,3,2038-07-01 00:00:00,19236.064426764297
562,8,3,2039-07-01 00:00:00,20436.694134161306
563,8,3,2040-07-01 00:00:00,22083.792630490127
564,8,3,2041-07-01 00:00:00,23550.83913832837
565,8,3,2042-07-01 00:00:00,24817.636570677583
566,8,3,2043-07-01 00:00:00,25882.19290547063
567,8,3,2044-07-01 00:00:00,27529.044944642745
568,8,3,2045-07-01 00:00:00,27950.56390286242
569,8,3,2046-07-01 00:00:00,27950.56390286242
570,8,3,2047-07-01 00:00:00,27950.56390286242
571,8,3,2048-07-01 00:00:00,28230.199007162995
572,8,3,2049-07-01 00:00:00,28230.199007162995
573,9,1,2024-07-01 00:00:00,162.07515735088123
574,9,1,2025-07-01 00:00:00,7431.241601410829
575,9,1,2026-07-01 00:00:00,22015.073035163776
576,9,1,2027-07-01 00:00:00,29342.2144080753
577,9,1,2028-07-01 00:00:00,29718.90924940937
578,9,1,2029-07-01 00:00:00,30153.13387110215
579,9,1,2030-07-01 00:00:00,30119.158401529116
580,9,1,2031-07-01 00:00:00,29477.918161702466
581,9,1,2032-07-01 00:00:00,28516.513849099494
582,9,1,2033-07-01 00:00:00,28215.387257891558
583,9,1,2034-07-01 00:00:00,28210.55976851489
584,9,1,2035-07-01 00:00:00,28207.758506079626
585,9,1,2036-07-01 00:00:00,28204.629144611714
586,9,1,2037-07-01 00:00:00,28196.293306124466
587,9,1,2038-07-01 00:00:00,28189.32841136923
588,9,1,2039-07-01 00:00:00,28182.59646232982
589,9,1,2040-07-01 00:00:00,28174.916815278182
590,9,1,2041-07-01 00:00:00,28169.433113281368
591,9,1,2042-07-01 00:00:00,34818.28328446471
592,9,1,2043-07-01 00:00:00,34954.358561438
593,9,1,2044-07-01 00:00:00,34954.96130404074
594,9,1,2045-07-01 00:00:00,37094.20810601848
595,9,1,2046-07-01 00:00:00,37117.313310894366
596,9,1,2047-07-01 00:00:00,37099.962068622364
597,9,1,2048-07-01 00:00:00,40577.454553422765
598,9,1,2049-07-01 00:00:00,49283.33146001855
599,9,2,2024-07-01 00:00:00,166.9056647785457
600,9,2,2025-07-01 00:00:00,7875.222921088042
601,9,2,2026-07-01 00:00:00,23485.57944595082
602,9,2,2027-07-01 00:00:00,31298.15505868459
603,9,2,2028-07-01 00:00:00,31582.97896503203
604,9,2,2029-07-01 00:00:00,31556.15489548716
605,9,2,2030-07-01 00:00:00,31520.028214097416
606,9,2,2031-07-01 00:00:00,29807.847861722716
607,9,2,2032-07-01 00:00:00,29608.529897770517
608,9,2,2033-07-01 00:00:00,29619.638226670886
609,9,2,2034-07-01 00:00:00,29625.502167819286
610,9,2,2035-07-01 00:00:00,29631.388113434146
611,9,2,2036-07-01 00:00:00,29690.561108899772
612,9,2,2037-07-01 00:00:00,35615.807818710455
613,9,2,2038-07-01 00:00:00,38211.42022337671
614,9,2,2039-07-01 00:00:00,40951.02075597512
615,9,2,2040-07-01 00:00:00,42933.09058548928
616,9,2,2041-07-01 00:00:00,46419.07719649294
617,9,2,2042-07-01 00:00:00,50126.50644700297
618,9,2,2043-07-01 00:00:00,52555.39959207115
619,9,2,2044-07-01 00:00:00,56787.3594704996
620,9,2,2045-07-01 00:00:00,56821.91443977688
621,9,2,2046-07-01 00:00:00,56849.78461822027
622,9,2,2047-07-01 00:00:00,57786.48174038181
623,9,2,2048-07-01 00:00:00,69591.20671474234
624,9,2,2049-07-01 00:00:00,69653.17715075858
625,9,3,2024-07-01 00:00:00,162.8055896594356
626,9,3,2025-07-01 00:00:00,7398.861134257715
627,9,3,2026-07-01 00:00:00,21896.65967733197
628,9,3,2027-07-01 00:00:00,29215.075444065773
629,9,3,2028-07-01 00:00:00,29241.322887817554
630,9,3,2029-07-01 00:00:00,29528.88526134019
631,9,3,2030-07-01 00:00:00,29896.99849067688
632,9,3,2031-07-01 00:00:00,29996.535124032594
633,9,3,2032-07-01 00:00:00,43941.03445592682
634,9,3,2033-07-01 00:00:00,52144.960244714675
635,9,3,2034-07-01 00:00:00,57723.83911053688
636,9,3,2035-07-01 00:00:00,63461.59840424348
637,9,3,2036-07-01 00:00:00,73446.09227268852
638,9,3,2037-07-01 00:00:00,84648.45995765539
639,9,3,2038-07-01 00:00:00,87107.13565875342
640,9,3,2039-07-01 00:00:00,93639.81065903527
641,9,3,2040-07-01 00:00:00,99869.55625116832
642,9,3,2041-07-01 00:00:00,106042.77849768664
643,9,3,2042-07-01 00:00:00,112324.97311286569
644,9,3,2043-07-01 00:00:00,118487.22554322855
645,9,3,2044-07-01 00:00:00,124811.7504337712
646,9,3,2045-07-01 00:00:00,124918.24215045011
647,9,3,2046-07-01 00:00:00,124999.02522758982
648,9,3,2047-07-01 00:00:00,125120.64501998604
649,9,3,2048-07-01 00:00:00,124285.80814110482
650,9,3,2049-07-01 00:00:00,129724.15475052674
651,10,1,2024-07-01 00:00:00,26.447980385096383
652,10,1,2025-07-01 00:00:00,1174.4423078101888
653,10,1,2026-07-01 00:00:00,3424.714329383352
654,10,1,2027-07-01 00:00:00,4514.733727956872
655,10,1,2028-07-01 00:00:00,4138.0388866227995
656,10,1,2029-07-01 00:00:00,3703.814264930017
657,10,1,2030-07-01 00:00:00,3737.7897345030524
658,10,1,2031-07-01 00:00:00,4379.029974329703
659,10,1,2032-07-01 00:00:00,5340.434286932671
660,10,1,2033-07-01 00:00:00,5641.5608781406145
661,10,1,2034-07-01 00:00:00,5646.38836751728
662,10,1,2035-07-01 00:00:00,5649.189629952545
663,10,1,2036-07-01 00:00:00,5652.318991420456
664,10,1,2037-07-01 00:00:00,5660.654829907708
665,10,1,2038-07-01 00:00:00,5667.619724662933
666,10,1,2039-07-01 00:00:00,5674.351673702348
667,10,1,2040-07-01 00:00:00,5682.031320753986
668,10,1,2041-07-01 00:00:00,5687.515022750807
669,10,1,2042-07-01 00:00:00,7042.068963905838
670,10,1,2043-07-01 00:00:00,7076.109368831451
671,10,1,2044-07-01 00:00:00,7114.112695456893
672,10,1,2045-07-01 00:00:00,7550.427082006754
673,10,1,2046-07-01 00:00:00,7527.321877130874
674,10,1,2047-07-01 00:00:00,7544.673119402871
675,10,1,2048-07-01 00:00:00,8325.913922830814
676,10,1,2049-07-01 00:00:00,10164.568773046627
677,10,2,2024-07-01 00:00:00,21.61747295743192
678,10,2,2025-07-01 00:00:00,730.4609881329765
679,10,2,2026-07-01 00:00:00,1954.2079185963048
680,10,2,2027-07-01 00:00:00,2558.79307734758
681,10,2,2028-07-01 00:00:00,2273.969171000131
682,10,2,2029-07-01 00:00:00,2300.793240544999
683,10,2,2030-07-01 00:00:00,2336.919921934747
684,10,2,2031-07-01 00:00:00,4049.1002743094514
685,10,2,2032-07-01 00:00:00,4248.4182382616555
686,10,2,2033-07-01 00:00:00,4237.309909361281
687,10,2,2034-07-01 00:00:00,4231.445968212883
688,10,2,2035-07-01 00:00:00,4225.560022598022
689,10,2,2036-07-01 00:00:00,4230.080606670333
690,10,2,2037-07-01 00:00:00,5066.378082316199
691,10,2,2038-07-01 00:00:00,5424.880798481435
692,10,2,2039-07-01 00:00:00,5801.43419440694
693,10,2,2040-07-01 00:00:00,6069.083944826564
694,10,2,2041-07-01 00:00:00,6567.674218325382
695,10,2,2042-07-01 00:00:00,7099.67930636607
696,10,2,2043-07-01 00:00:00,7444.78126881866
697,10,2,2044-07-01 00:00:00,8029.764391521377
698,10,2,2045-07-01 00:00:00,7995.209422244094
699,10,2,2046-07-01 00:00:00,7967.339243800701
700,10,2,2047-07-01 00:00:00,8093.401381410455
701,10,2,2048-07-01 00:00:00,9700.762732903342
702,10,2,2049-07-01 00:00:00,9638.7922968871
703,10,3,2024-07-01 00:00:00,25.71754807654203
704,10,3,2025-07-01 00:00:00,1206.8227749633043
705,10,3,2026-07-01 00:00:00,3543.127687215157
706,10,3,2027-07-01 00:00:00,4641.872691966398
707,10,3,2028-07-01 00:00:00,4615.625248214616
708,10,3,2029-07-01 00:00:00,4328.0628746919765
709,10,3,2030-07-01 00:00:00,3959.9496453552892
710,10,3,2031-07-01 00:00:00,3860.413011999574
711,10,3,2032-07-01 00:00:00,5376.33497544469
712,10,3,2033-07-01 00:00:00,5830.132847487516
713,10,3,2034-07-01 00:00:00,5801.543752950028
714,10,3,2035-07-01 00:00:00,6230.745588620414
715,10,3,2036-07-01 00:00:00,7107.316992771331
716,10,3,2037-07-01 00:00:00,7766.015502366757
717,10,3,2038-07-01 00:00:00,7497.302967380819
718,10,3,2039-07-01 00:00:00,7971.77304136945
719,10,3,2040-07-01 00:00:00,8419.338916045763
720,10,3,2041-07-01 00:00:00,8825.38507110426
721,10,3,2042-07-01 00:00:00,9237.959216034413
722,10,3,2043-07-01 00:00:00,9610.284878601125
723,10,3,2044-07-01 00:00:00,9970.394671910137
724,10,3,2045-07-01 00:00:00,9863.902955231231
725,10,3,2046-07-01 00:00:00,9783.11987809151
726,10,3,2047-07-01 00:00:00,9661.500085695307
727,10,3,2048-07-01 00:00:00,11546.133576217926
728,10,3,2049-07-01 00:00:00,12364.950604920412
