id,der_id,scenario,date,value
1,1,3,2022-08-08 00:00:00,4.523865980225002
2,1,3,2022-09-12 00:00:00,4.65939291113193
3,1,3,2022-08-29 00:00:00,4.485852192329745
4,1,3,2022-05-02 00:00:00,4.690710516274868
5,1,1,2027-11-14 00:00:00,0
6,1,1,2027-04-04 00:00:00,0
7,1,1,2027-07-18 00:00:00,0
8,1,1,2027-10-17 00:00:00,0
9,1,2,2027-07-04 00:00:00,13.232548812939445
10,1,2,2027-06-06 00:00:00,14.160903483811133
11,1,2,2027-08-08 00:00:00,12.6421111731685
12,1,2,2027-06-06 00:00:00,14.160903483811133
13,1,3,2027-09-12 00:00:00,31.98299707868497
14,1,3,2027-05-16 00:00:00,33.09316613407506
15,1,3,2027-11-14 00:00:00,35.48998235868296
16,1,3,2027-03-14 00:00:00,36.72372089685591
17,1,4,2027-09-19 00:00:00,34.285968554998604
18,1,4,2027-02-28 00:00:00,40.34866372515288
19,1,4,2027-02-07 00:00:00,37.71772777980943
20,1,4,2027-03-14 00:00:00,36.72372089685591
21,1,1,2032-03-06 00:00:00,0
22,1,1,2032-03-20 00:00:00,0
23,1,1,2032-07-24 00:00:00,0
24,1,1,2032-11-27 00:00:00,0
25,1,2,2032-10-09 00:00:00,34.17320941971645
26,1,2,2032-08-07 00:00:00,29.38886036224922
27,1,2,2032-09-11 00:00:00,32.7596644899828
28,1,2,2032-06-19 00:00:00,25.522784638677667
29,1,3,2032-03-27 00:00:00,73.18979200611376
30,1,3,2032-07-17 00:00:00,64.9804342941326
31,1,3,2032-10-09 00:00:00,68.34641881823454
32,1,3,2032-05-15 00:00:00,66.97632624066298
33,1,2,2032-10-09 00:00:00,34.17320941971645
34,1,2,2032-08-07 00:00:00,29.38886036224922
35,1,2,2032-09-11 00:00:00,32.7596644899828
36,1,2,2032-06-19 00:00:00,25.522784638677667
37,1,3,2032-03-27 00:00:00,73.18979200611376
38,1,3,2032-07-17 00:00:00,64.9804342941326
39,1,3,2032-10-09 00:00:00,68.34641881823454
40,1,3,2032-05-15 00:00:00,66.97632624066298
41,1,4,2032-02-14 00:00:00,74.82369580092389
42,1,4,2032-11-27 00:00:00,77.21545320607072
43,1,4,2032-09-18 00:00:00,78.38978838019608
44,1,4,2032-11-27 00:00:00,77.21545320607072
45,1,3,2032-03-27 00:00:00,73.18979200611376
46,1,3,2032-07-17 00:00:00,64.9804342941326
47,1,3,2032-10-09 00:00:00,68.34641881823454
48,1,3,2032-05-15 00:00:00,66.97632624066298
49,1,4,2032-02-14 00:00:00,74.82369580092389
50,1,4,2032-11-27 00:00:00,77.21545320607072
51,1,4,2032-09-18 00:00:00,78.38978838019608
52,1,4,2032-11-27 00:00:00,77.21545320607072
53,1,4,2032-02-14 00:00:00,74.82369580092389
54,1,4,2032-11-27 00:00:00,77.21545320607072
55,1,4,2032-09-18 00:00:00,78.38978838019608
56,1,4,2032-11-27 00:00:00,77.21545320607072
57,1,1,2037-09-26 00:00:00,0
58,1,1,2037-10-24 00:00:00,0
59,1,1,2037-12-19 00:00:00,0
60,1,1,2037-09-26 00:00:00,0
61,1,2,2037-01-31 00:00:00,62.371148049669074
62,1,2,2037-09-26 00:00:00,55.02378040893807
63,1,2,2037-10-10 00:00:00,52.780670740170464
64,1,2,2037-06-13 00:00:00,53.21706683668369
65,1,3,2037-03-21 00:00:00,126.69732798882083
66,1,3,2037-12-12 00:00:00,130.6806901401935
67,1,3,2037-11-21 00:00:00,129.66547452649
68,1,3,2037-11-28 00:00:00,127.32047389221412
69,1,2,2037-01-31 00:00:00,62.371148049669074
70,1,2,2037-09-26 00:00:00,55.02378040893807
71,1,2,2037-10-10 00:00:00,52.780670740170464
72,1,2,2037-06-13 00:00:00,53.21706683668369
73,1,3,2037-03-21 00:00:00,126.69732798882083
74,1,3,2037-12-12 00:00:00,130.6806901401935
75,1,3,2037-11-21 00:00:00,129.66547452649
76,1,3,2037-11-28 00:00:00,127.32047389221412
77,1,4,2037-06-20 00:00:00,129.25015069204386
78,1,4,2037-07-11 00:00:00,124.3678524579919
79,1,4,2037-01-24 00:00:00,145.5989362630151
80,1,4,2037-09-05 00:00:00,139.2557194635748
81,1,3,2037-03-21 00:00:00,126.69732798882083
82,1,3,2037-12-12 00:00:00,130.6806901401935
83,1,3,2037-11-21 00:00:00,129.66547452649
84,1,3,2037-11-28 00:00:00,127.32047389221412
85,1,4,2037-06-20 00:00:00,129.25015069204386
86,1,4,2037-07-11 00:00:00,124.3678524579919
87,1,4,2037-01-24 00:00:00,145.5989362630151
88,1,4,2037-09-05 00:00:00,139.2557194635748
89,1,2,2037-01-31 00:00:00,62.371148049669074
90,1,2,2037-09-26 00:00:00,55.02378040893807
91,1,2,2037-10-10 00:00:00,52.780670740170464
92,1,2,2037-06-13 00:00:00,53.21706683668369
93,1,3,2037-03-21 00:00:00,126.69732798882083
94,1,3,2037-12-12 00:00:00,130.6806901401935
95,1,3,2037-11-21 00:00:00,129.66547452649
96,1,3,2037-11-28 00:00:00,127.32047389221412
97,1,4,2037-06-20 00:00:00,129.25015069204386
98,1,4,2037-07-11 00:00:00,124.3678524579919
99,1,4,2037-01-24 00:00:00,145.5989362630151
100,1,4,2037-09-05 00:00:00,139.2557194635748
101,1,3,2037-03-21 00:00:00,126.69732798882083
102,1,3,2037-12-12 00:00:00,130.6806901401935
103,1,3,2037-11-21 00:00:00,129.66547452649
104,1,3,2037-11-28 00:00:00,127.32047389221412
105,1,4,2037-06-20 00:00:00,129.25015069204386
106,1,4,2037-07-11 00:00:00,124.3678524579919
107,1,4,2037-01-24 00:00:00,145.5989362630151
108,1,4,2037-09-05 00:00:00,139.2557194635748
109,1,4,2037-06-20 00:00:00,129.25015069204386
110,1,4,2037-07-11 00:00:00,124.3678524579919
111,1,4,2037-01-24 00:00:00,145.5989362630151
112,1,4,2037-09-05 00:00:00,139.2557194635748
113,1,3,2037-03-21 00:00:00,126.69732798882083
114,1,3,2037-12-12 00:00:00,130.6806901401935
115,1,3,2037-11-21 00:00:00,129.66547452649
116,1,3,2037-11-28 00:00:00,127.32047389221412
117,1,4,2037-06-20 00:00:00,129.25015069204386
118,1,4,2037-07-11 00:00:00,124.3678524579919
119,1,4,2037-01-24 00:00:00,145.5989362630151
120,1,4,2037-09-05 00:00:00,139.2557194635748
121,1,4,2037-06-20 00:00:00,129.25015069204386
122,1,4,2037-07-11 00:00:00,124.3678524579919
123,1,4,2037-01-24 00:00:00,145.5989362630151
124,1,4,2037-09-05 00:00:00,139.2557194635748
125,1,4,2037-06-20 00:00:00,129.25015069204386
126,1,4,2037-07-11 00:00:00,124.3678524579919
127,1,4,2037-01-24 00:00:00,145.5989362630151
128,1,4,2037-09-05 00:00:00,139.2557194635748
129,2,3,2022-08-08 00:00:00,3.220144657314103
130,2,3,2022-09-12 00:00:00,3.2103400245647107
131,2,3,2022-08-29 00:00:00,3.2082652624976977
132,2,3,2022-05-02 00:00:00,3.193172017684317
133,2,1,2027-11-14 00:00:00,0
134,2,1,2027-04-04 00:00:00,0
135,2,1,2027-07-18 00:00:00,0
136,2,1,2027-10-17 00:00:00,0
137,2,2,2027-07-04 00:00:00,9.769119379501722
138,2,2,2027-06-06 00:00:00,9.675199801897099
139,2,2,2027-08-08 00:00:00,9.736131876046977
140,2,2,2027-06-06 00:00:00,9.675199801897099
141,2,3,2027-09-12 00:00:00,19.73428082455912
142,2,3,2027-05-16 00:00:00,19.800947496985987
143,2,3,2027-11-14 00:00:00,19.80839631078055
144,2,3,2027-03-14 00:00:00,20.040472514274335
145,2,4,2027-09-19 00:00:00,20.011728562544562
146,2,4,2027-02-28 00:00:00,20.220960283275243
147,2,4,2027-02-07 00:00:00,20.08146174186858
148,2,4,2027-03-14 00:00:00,20.040472514274335
149,2,1,2032-03-06 00:00:00,0
150,2,1,2032-03-20 00:00:00,0
151,2,1,2032-07-24 00:00:00,0
152,2,1,2032-11-27 00:00:00,0
153,2,2,2032-10-09 00:00:00,18.19830673303597
154,2,2,2032-08-07 00:00:00,18.1014483097311
155,2,2,2032-09-11 00:00:00,18.293758948581793
156,2,2,2032-06-19 00:00:00,18.1502514407802
157,2,3,2032-03-27 00:00:00,36.81942142202
158,2,3,2032-07-17 00:00:00,36.3437769271975
159,2,3,2032-10-09 00:00:00,36.39661345478315
160,2,3,2032-05-15 00:00:00,37.075353813396575
161,2,2,2032-10-09 00:00:00,18.19830673303597
162,2,2,2032-08-07 00:00:00,18.1014483097311
163,2,2,2032-09-11 00:00:00,18.293758948581793
164,2,2,2032-06-19 00:00:00,18.1502514407802
165,2,3,2032-03-27 00:00:00,36.81942142202
166,2,3,2032-07-17 00:00:00,36.3437769271975
167,2,3,2032-10-09 00:00:00,36.39661345478315
168,2,3,2032-05-15 00:00:00,37.075353813396575
169,2,4,2032-02-14 00:00:00,37.7412633926998
170,2,4,2032-11-27 00:00:00,37.338721066842034
171,2,4,2032-09-18 00:00:00,36.906110108225974
172,2,4,2032-11-27 00:00:00,37.338721066842034
173,2,3,2032-03-27 00:00:00,36.81942142202
174,2,3,2032-07-17 00:00:00,36.3437769271975
175,2,3,2032-10-09 00:00:00,36.39661345478315
176,2,3,2032-05-15 00:00:00,37.075353813396575
177,2,4,2032-02-14 00:00:00,37.7412633926998
178,2,4,2032-11-27 00:00:00,37.338721066842034
179,2,4,2032-09-18 00:00:00,36.906110108225974
180,2,4,2032-11-27 00:00:00,37.338721066842034
181,2,4,2032-02-14 00:00:00,37.7412633926998
182,2,4,2032-11-27 00:00:00,37.338721066842034
183,2,4,2032-09-18 00:00:00,36.906110108225974
184,2,4,2032-11-27 00:00:00,37.338721066842034
185,2,1,2037-09-26 00:00:00,0
186,2,1,2037-10-24 00:00:00,0
187,2,1,2037-12-19 00:00:00,0
188,2,1,2037-09-26 00:00:00,0
189,2,2,2037-01-31 00:00:00,27.959042259601993
190,2,2,2037-09-26 00:00:00,26.981959638998546
191,2,2,2037-10-10 00:00:00,27.185201087256477
192,2,2,2037-06-13 00:00:00,27.28020177690327
193,2,3,2037-03-21 00:00:00,55.02673348479988
194,2,3,2037-12-12 00:00:00,54.999842533078116
195,2,3,2037-11-21 00:00:00,54.89288462963927
196,2,3,2037-11-28 00:00:00,54.903652546879705
197,2,2,2037-01-31 00:00:00,27.959042259601993
198,2,2,2037-09-26 00:00:00,26.981959638998546
199,2,2,2037-10-10 00:00:00,27.185201087256477
200,2,2,2037-06-13 00:00:00,27.28020177690327
201,2,3,2037-03-21 00:00:00,55.02673348479988
202,2,3,2037-12-12 00:00:00,54.999842533078116
203,2,3,2037-11-21 00:00:00,54.89288462963927
204,2,3,2037-11-28 00:00:00,54.903652546879705
205,2,4,2037-06-20 00:00:00,55.77490184335455
206,2,4,2037-07-11 00:00:00,56.77927122257627
207,2,4,2037-01-24 00:00:00,56.044421953675595
208,2,4,2037-09-05 00:00:00,56.48958325018804
209,2,3,2037-03-21 00:00:00,55.02673348479988
210,2,3,2037-12-12 00:00:00,54.999842533078116
211,2,3,2037-11-21 00:00:00,54.89288462963927
212,2,3,2037-11-28 00:00:00,54.903652546879705
213,2,4,2037-06-20 00:00:00,55.77490184335455
214,2,4,2037-07-11 00:00:00,56.77927122257627
215,2,4,2037-01-24 00:00:00,56.044421953675595
216,2,4,2037-09-05 00:00:00,56.48958325018804
217,2,2,2037-01-31 00:00:00,27.959042259601993
218,2,2,2037-09-26 00:00:00,26.981959638998546
219,2,2,2037-10-10 00:00:00,27.185201087256477
220,2,2,2037-06-13 00:00:00,27.28020177690327
221,2,3,2037-03-21 00:00:00,55.02673348479988
222,2,3,2037-12-12 00:00:00,54.999842533078116
223,2,3,2037-11-21 00:00:00,54.89288462963927
224,2,3,2037-11-28 00:00:00,54.903652546879705
225,2,4,2037-06-20 00:00:00,55.77490184335455
226,2,4,2037-07-11 00:00:00,56.77927122257627
227,2,4,2037-01-24 00:00:00,56.044421953675595
228,2,4,2037-09-05 00:00:00,56.48958325018804
229,2,3,2037-03-21 00:00:00,55.02673348479988
230,2,3,2037-12-12 00:00:00,54.999842533078116
231,2,3,2037-11-21 00:00:00,54.89288462963927
232,2,3,2037-11-28 00:00:00,54.903652546879705
233,2,4,2037-06-20 00:00:00,55.77490184335455
234,2,4,2037-07-11 00:00:00,56.77927122257627
235,2,4,2037-01-24 00:00:00,56.044421953675595
236,2,4,2037-09-05 00:00:00,56.48958325018804
237,2,4,2037-06-20 00:00:00,55.77490184335455
238,2,4,2037-07-11 00:00:00,56.77927122257627
239,2,4,2037-01-24 00:00:00,56.044421953675595
240,2,4,2037-09-05 00:00:00,56.48958325018804
241,2,3,2037-03-21 00:00:00,55.02673348479988
242,2,3,2037-12-12 00:00:00,54.999842533078116
243,2,3,2037-11-21 00:00:00,54.89288462963927
244,2,3,2037-11-28 00:00:00,54.903652546879705
245,2,4,2037-06-20 00:00:00,55.77490184335455
246,2,4,2037-07-11 00:00:00,56.77927122257627
247,2,4,2037-01-24 00:00:00,56.044421953675595
248,2,4,2037-09-05 00:00:00,56.48958325018804
249,2,4,2037-06-20 00:00:00,55.77490184335455
250,2,4,2037-07-11 00:00:00,56.77927122257627
251,2,4,2037-01-24 00:00:00,56.044421953675595
252,2,4,2037-09-05 00:00:00,56.48958325018804
253,2,4,2037-06-20 00:00:00,55.77490184335455
254,2,4,2037-07-11 00:00:00,56.77927122257627
255,2,4,2037-01-24 00:00:00,56.044421953675595
256,2,4,2037-09-05 00:00:00,56.48958325018804
257,3,3,2022-08-08 00:00:00,14.608618398319678
258,3,3,2022-09-12 00:00:00,13.882941509347493
259,3,3,2022-08-29 00:00:00,13.795120681843944
260,3,3,2022-05-02 00:00:00,13.127880325575383
261,3,1,2027-11-14 00:00:00,0
262,3,1,2027-04-04 00:00:00,0
263,3,1,2027-07-18 00:00:00,0
264,3,1,2027-10-17 00:00:00,0
265,3,2,2027-07-04 00:00:00,49.920662301167674
266,3,2,2027-06-06 00:00:00,42.71678453596205
267,3,2,2027-08-08 00:00:00,42.73913194458712
268,3,2,2027-06-06 00:00:00,42.71678453596205
269,3,3,2027-09-12 00:00:00,97.7150202915736
270,3,3,2027-05-16 00:00:00,97.93195371575408
271,3,3,2027-11-14 00:00:00,109.35647813868383
272,3,3,2027-03-14 00:00:00,120.0273439062934
273,3,4,2027-09-19 00:00:00,108.28481601778405
274,3,4,2027-02-28 00:00:00,122.20378350327188
275,3,4,2027-02-07 00:00:00,114.69095169490221
276,3,4,2027-03-14 00:00:00,120.0273439062934
277,3,1,2032-03-06 00:00:00,0
278,3,1,2032-03-20 00:00:00,0
279,3,1,2032-07-24 00:00:00,0
280,3,1,2032-11-27 00:00:00,0
281,3,2,2032-10-09 00:00:00,103.04116223171931
282,3,2,2032-08-07 00:00:00,93.7498844203162
283,3,2,2032-09-11 00:00:00,89.93129154331062
284,3,2,2032-06-19 00:00:00,86.27682211807829
285,3,3,2032-03-27 00:00:00,235.3432796543795
286,3,3,2032-07-17 00:00:00,204.70781958918994
287,3,3,2032-10-09 00:00:00,206.08232439952005
288,3,3,2032-05-15 00:00:00,210.91575660291662
289,3,2,2032-10-09 00:00:00,103.04116223171931
290,3,2,2032-08-07 00:00:00,93.7498844203162
291,3,2,2032-09-11 00:00:00,89.93129154331062
292,3,2,2032-06-19 00:00:00,86.27682211807829
293,3,3,2032-03-27 00:00:00,235.3432796543795
294,3,3,2032-07-17 00:00:00,204.70781958918994
295,3,3,2032-10-09 00:00:00,206.08232439952005
296,3,3,2032-05-15 00:00:00,210.91575660291662
297,3,4,2032-02-14 00:00:00,246.9568259904622
298,3,4,2032-11-27 00:00:00,245.6133399663386
299,3,4,2032-09-18 00:00:00,235.4927629405848
300,3,4,2032-11-27 00:00:00,245.6133399663386
301,3,3,2032-03-27 00:00:00,235.3432796543795
302,3,3,2032-07-17 00:00:00,204.70781958918994
303,3,3,2032-10-09 00:00:00,206.08232439952005
304,3,3,2032-05-15 00:00:00,210.91575660291662
305,3,4,2032-02-14 00:00:00,246.9568259904622
306,3,4,2032-11-27 00:00:00,245.6133399663386
307,3,4,2032-09-18 00:00:00,235.4927629405848
308,3,4,2032-11-27 00:00:00,245.6133399663386
309,3,4,2032-02-14 00:00:00,246.9568259904622
310,3,4,2032-11-27 00:00:00,245.6133399663386
311,3,4,2032-09-18 00:00:00,235.4927629405848
312,3,4,2032-11-27 00:00:00,245.6133399663386
313,3,1,2037-09-26 00:00:00,0
314,3,1,2037-10-24 00:00:00,0
315,3,1,2037-12-19 00:00:00,0
316,3,1,2037-09-26 00:00:00,0
317,3,2,2037-01-31 00:00:00,193.18032301743744
318,3,2,2037-09-26 00:00:00,187.21553419037755
319,3,2,2037-10-10 00:00:00,183.59841441138636
320,3,2,2037-06-13 00:00:00,171.64422779175146
321,3,3,2037-03-21 00:00:00,422.93100663854466
322,3,3,2037-12-12 00:00:00,404.466207853967
323,3,3,2037-11-21 00:00:00,434.25436382375244
324,3,3,2037-11-28 00:00:00,432.26623000323815
325,3,2,2037-01-31 00:00:00,193.18032301743744
326,3,2,2037-09-26 00:00:00,187.21553419037755
327,3,2,2037-10-10 00:00:00,183.59841441138636
328,3,2,2037-06-13 00:00:00,171.64422779175146
329,3,3,2037-03-21 00:00:00,422.93100663854466
330,3,3,2037-12-12 00:00:00,404.466207853967
331,3,3,2037-11-21 00:00:00,434.25436382375244
332,3,3,2037-11-28 00:00:00,432.26623000323815
333,3,4,2037-06-20 00:00:00,469.2811037930756
334,3,4,2037-07-11 00:00:00,511.872891596214
335,3,4,2037-01-24 00:00:00,503.441650383165
336,3,4,2037-09-05 00:00:00,502.443030521184
337,3,3,2037-03-21 00:00:00,422.93100663854466
338,3,3,2037-12-12 00:00:00,404.466207853967
339,3,3,2037-11-21 00:00:00,434.25436382375244
340,3,3,2037-11-28 00:00:00,432.26623000323815
341,3,4,2037-06-20 00:00:00,469.2811037930756
342,3,4,2037-07-11 00:00:00,511.872891596214
343,3,4,2037-01-24 00:00:00,503.441650383165
344,3,4,2037-09-05 00:00:00,502.443030521184
345,3,2,2037-01-31 00:00:00,193.18032301743744
346,3,2,2037-09-26 00:00:00,187.21553419037755
347,3,2,2037-10-10 00:00:00,183.59841441138636
348,3,2,2037-06-13 00:00:00,171.64422779175146
349,3,3,2037-03-21 00:00:00,422.93100663854466
350,3,3,2037-12-12 00:00:00,404.466207853967
351,3,3,2037-11-21 00:00:00,434.25436382375244
352,3,3,2037-11-28 00:00:00,432.26623000323815
353,3,4,2037-06-20 00:00:00,469.2811037930756
354,3,4,2037-07-11 00:00:00,511.872891596214
355,3,4,2037-01-24 00:00:00,503.441650383165
356,3,4,2037-09-05 00:00:00,502.443030521184
357,3,3,2037-03-21 00:00:00,422.93100663854466
358,3,3,2037-12-12 00:00:00,404.466207853967
359,3,3,2037-11-21 00:00:00,434.25436382375244
360,3,3,2037-11-28 00:00:00,432.26623000323815
361,3,4,2037-06-20 00:00:00,469.2811037930756
362,3,4,2037-07-11 00:00:00,511.872891596214
363,3,4,2037-01-24 00:00:00,503.441650383165
364,3,4,2037-09-05 00:00:00,502.443030521184
365,3,4,2037-06-20 00:00:00,469.2811037930756
366,3,4,2037-07-11 00:00:00,511.872891596214
367,3,4,2037-01-24 00:00:00,503.441650383165
368,3,4,2037-09-05 00:00:00,502.443030521184
369,3,3,2037-03-21 00:00:00,422.93100663854466
370,3,3,2037-12-12 00:00:00,404.466207853967
371,3,3,2037-11-21 00:00:00,434.25436382375244
372,3,3,2037-11-28 00:00:00,432.26623000323815
373,3,4,2037-06-20 00:00:00,469.2811037930756
374,3,4,2037-07-11 00:00:00,511.872891596214
375,3,4,2037-01-24 00:00:00,503.441650383165
376,3,4,2037-09-05 00:00:00,502.443030521184
377,3,4,2037-06-20 00:00:00,469.2811037930756
378,3,4,2037-07-11 00:00:00,511.872891596214
379,3,4,2037-01-24 00:00:00,503.441650383165
380,3,4,2037-09-05 00:00:00,502.443030521184
381,3,4,2037-06-20 00:00:00,469.2811037930756
382,3,4,2037-07-11 00:00:00,511.872891596214
383,3,4,2037-01-24 00:00:00,503.441650383165
384,3,4,2037-09-05 00:00:00,502.443030521184
385,4,3,2022-08-08 00:00:00,2.219468558255916
386,4,3,2022-09-12 00:00:00,1.95551726712503
387,4,3,2022-08-29 00:00:00,1.8745396723736583
388,4,3,2022-05-02 00:00:00,1.7995452276166553
389,4,1,2027-11-14 00:00:00,0
390,4,1,2027-04-04 00:00:00,0
391,4,1,2027-07-18 00:00:00,0
392,4,1,2027-10-17 00:00:00,0
393,4,2,2027-07-04 00:00:00,7.6748515101255625
394,4,2,2027-06-06 00:00:00,6.44141879609061
395,4,2,2027-08-08 00:00:00,5.844012621835541
396,4,2,2027-06-06 00:00:00,6.44141879609061
397,4,3,2027-09-12 00:00:00,11.78994768851865
398,4,3,2027-05-16 00:00:00,12.687028368004894
399,4,3,2027-11-14 00:00:00,12.880251364594505
400,4,3,2027-03-14 00:00:00,14.363097644195605
401,4,4,2027-09-19 00:00:00,12.071364457539348
402,4,4,2027-02-28 00:00:00,13.999123833779409
403,4,4,2027-02-07 00:00:00,12.500934819692546
404,4,4,2027-03-14 00:00:00,14.363097644195605
405,4,1,2032-03-06 00:00:00,0
406,4,1,2032-03-20 00:00:00,0
407,4,1,2032-07-24 00:00:00,0
408,4,1,2032-11-27 00:00:00,0
409,4,2,2032-10-09 00:00:00,12.620397543434544
410,4,2,2032-08-07 00:00:00,12.778887458999247
411,4,2,2032-09-11 00:00:00,11.445234732737795
412,4,2,2032-06-19 00:00:00,13.08004547805495
413,4,3,2032-03-27 00:00:00,25.34504983593583
414,4,3,2032-07-17 00:00:00,27.349171716948874
415,4,3,2032-10-09 00:00:00,25.24079507904039
416,4,3,2032-05-15 00:00:00,29.35363471175502
417,4,2,2032-10-09 00:00:00,12.620397543434544
418,4,2,2032-08-07 00:00:00,12.778887458999247
419,4,2,2032-09-11 00:00:00,11.445234732737795
420,4,2,2032-06-19 00:00:00,13.08004547805495
421,4,3,2032-03-27 00:00:00,25.34504983593583
422,4,3,2032-07-17 00:00:00,27.349171716948874
423,4,3,2032-10-09 00:00:00,25.24079507904039
424,4,3,2032-05-15 00:00:00,29.35363471175502
425,4,4,2032-02-14 00:00:00,31.285962778975737
426,4,4,2032-11-27 00:00:00,27.484423013499153
427,4,4,2032-09-18 00:00:00,29.03331144968948
428,4,4,2032-11-27 00:00:00,27.484423013499153
429,4,3,2032-03-27 00:00:00,25.34504983593583
430,4,3,2032-07-17 00:00:00,27.349171716948874
431,4,3,2032-10-09 00:00:00,25.24079507904039
432,4,3,2032-05-15 00:00:00,29.35363471175502
433,4,4,2032-02-14 00:00:00,31.285962778975737
434,4,4,2032-11-27 00:00:00,27.484423013499153
435,4,4,2032-09-18 00:00:00,29.03331144968948
436,4,4,2032-11-27 00:00:00,27.484423013499153
437,4,4,2032-02-14 00:00:00,31.285962778975737
438,4,4,2032-11-27 00:00:00,27.484423013499153
439,4,4,2032-09-18 00:00:00,29.03331144968948
440,4,4,2032-11-27 00:00:00,27.484423013499153
441,4,1,2037-09-26 00:00:00,0
442,4,1,2037-10-24 00:00:00,0
443,4,1,2037-12-19 00:00:00,0
444,4,1,2037-09-26 00:00:00,0
445,4,2,2037-01-31 00:00:00,23.153512977267386
446,4,2,2037-09-26 00:00:00,22.673200604895978
447,4,2,2037-10-10 00:00:00,22.30551710148014
448,4,2,2037-06-13 00:00:00,24.026427570293812
449,4,3,2037-03-21 00:00:00,52.62469445052906
450,4,3,2037-12-12 00:00:00,53.78263971939241
451,4,3,2037-11-21 00:00:00,59.69489174645694
452,4,3,2037-11-28 00:00:00,54.912576022740986
453,4,2,2037-01-31 00:00:00,23.153512977267386
454,4,2,2037-09-26 00:00:00,22.673200604895978
455,4,2,2037-10-10 00:00:00,22.30551710148014
456,4,2,2037-06-13 00:00:00,24.026427570293812
457,4,3,2037-03-21 00:00:00,52.62469445052906
458,4,3,2037-12-12 00:00:00,53.78263971939241
459,4,3,2037-11-21 00:00:00,59.69489174645694
460,4,3,2037-11-28 00:00:00,54.912576022740986
461,4,4,2037-06-20 00:00:00,62.03603889107795
462,4,4,2037-07-11 00:00:00,68.95352975943311
463,4,4,2037-01-24 00:00:00,56.09725279505025
464,4,4,2037-09-05 00:00:00,56.603866863971064
465,4,3,2037-03-21 00:00:00,52.62469445052906
466,4,3,2037-12-12 00:00:00,53.78263971939241
467,4,3,2037-11-21 00:00:00,59.69489174645694
468,4,3,2037-11-28 00:00:00,54.912576022740986
469,4,4,2037-06-20 00:00:00,62.03603889107795
470,4,4,2037-07-11 00:00:00,68.95352975943311
471,4,4,2037-01-24 00:00:00,56.09725279505025
472,4,4,2037-09-05 00:00:00,56.603866863971064
473,4,2,2037-01-31 00:00:00,23.153512977267386
474,4,2,2037-09-26 00:00:00,22.673200604895978
475,4,2,2037-10-10 00:00:00,22.30551710148014
476,4,2,2037-06-13 00:00:00,24.026427570293812
477,4,3,2037-03-21 00:00:00,52.62469445052906
478,4,3,2037-12-12 00:00:00,53.78263971939241
479,4,3,2037-11-21 00:00:00,59.69489174645694
480,4,3,2037-11-28 00:00:00,54.912576022740986
481,4,4,2037-06-20 00:00:00,62.03603889107795
482,4,4,2037-07-11 00:00:00,68.95352975943311
483,4,4,2037-01-24 00:00:00,56.09725279505025
484,4,4,2037-09-05 00:00:00,56.603866863971064
485,4,3,2037-03-21 00:00:00,52.62469445052906
486,4,3,2037-12-12 00:00:00,53.78263971939241
487,4,3,2037-11-21 00:00:00,59.69489174645694
488,4,3,2037-11-28 00:00:00,54.912576022740986
489,4,4,2037-06-20 00:00:00,62.03603889107795
490,4,4,2037-07-11 00:00:00,68.95352975943311
491,4,4,2037-01-24 00:00:00,56.09725279505025
492,4,4,2037-09-05 00:00:00,56.603866863971064
493,4,4,2037-06-20 00:00:00,62.03603889107795
494,4,4,2037-07-11 00:00:00,68.95352975943311
495,4,4,2037-01-24 00:00:00,56.09725279505025
496,4,4,2037-09-05 00:00:00,56.603866863971064
497,4,3,2037-03-21 00:00:00,52.62469445052906
498,4,3,2037-12-12 00:00:00,53.78263971939241
499,4,3,2037-11-21 00:00:00,59.69489174645694
500,4,3,2037-11-28 00:00:00,54.912576022740986
501,4,4,2037-06-20 00:00:00,62.03603889107795
502,4,4,2037-07-11 00:00:00,68.95352975943311
503,4,4,2037-01-24 00:00:00,56.09725279505025
504,4,4,2037-09-05 00:00:00,56.603866863971064
505,4,4,2037-06-20 00:00:00,62.03603889107795
506,4,4,2037-07-11 00:00:00,68.95352975943311
507,4,4,2037-01-24 00:00:00,56.09725279505025
508,4,4,2037-09-05 00:00:00,56.603866863971064
509,4,4,2037-06-20 00:00:00,62.03603889107795
510,4,4,2037-07-11 00:00:00,68.95352975943311
511,4,4,2037-01-24 00:00:00,56.09725279505025
512,4,4,2037-09-05 00:00:00,56.603866863971064
513,5,3,2022-08-08 00:00:00,2.8262609007882658
514,5,3,2022-09-12 00:00:00,2.3941210184363646
515,5,3,2022-08-29 00:00:00,2.76113779912542
516,5,3,2022-05-02 00:00:00,2.2686689909682305
517,5,1,2027-11-14 00:00:00,0
518,5,1,2027-04-04 00:00:00,0
519,5,1,2027-07-18 00:00:00,0
520,5,1,2027-10-17 00:00:00,0
521,5,2,2027-07-04 00:00:00,10.624348227945275
522,5,2,2027-06-06 00:00:00,8.882769100017581
523,5,2,2027-08-08 00:00:00,9.361203793214841
524,5,2,2027-06-06 00:00:00,8.882769100017581
525,5,3,2027-09-12 00:00:00,18.166758717355215
526,5,3,2027-05-16 00:00:00,16.796121934327843
527,5,3,2027-11-14 00:00:00,17.370264810302487
528,5,3,2027-03-14 00:00:00,18.641287338137914
529,5,4,2027-09-19 00:00:00,18.275181903583373
530,5,4,2027-02-28 00:00:00,20.015420259097006
531,5,4,2027-02-07 00:00:00,18.17849803804717
532,5,4,2027-03-14 00:00:00,18.641287338137914
533,5,1,2032-03-06 00:00:00,0
534,5,1,2032-03-20 00:00:00,0
535,5,1,2032-07-24 00:00:00,0
536,5,1,2032-11-27 00:00:00,0
537,5,2,2032-10-09 00:00:00,13.219919866027874
538,5,2,2032-08-07 00:00:00,15.37861691495019
539,5,2,2032-09-11 00:00:00,14.280302560310938
540,5,2,2032-06-19 00:00:00,19.23841975576124
541,5,3,2032-03-27 00:00:00,32.963407589302626
542,5,3,2032-07-17 00:00:00,32.40541184103273
543,5,3,2032-10-09 00:00:00,26.43983972385515
544,5,3,2032-05-15 00:00:00,37.97594613580074
545,5,2,2032-10-09 00:00:00,13.219919866027874
546,5,2,2032-08-07 00:00:00,15.37861691495019
547,5,2,2032-09-11 00:00:00,14.280302560310938
548,5,2,2032-06-19 00:00:00,19.23841975576124
549,5,3,2032-03-27 00:00:00,32.963407589302626
550,5,3,2032-07-17 00:00:00,32.40541184103273
551,5,3,2032-10-09 00:00:00,26.43983972385515
552,5,3,2032-05-15 00:00:00,37.97594613580074
553,5,4,2032-02-14 00:00:00,37.86423007890538
554,5,4,2032-11-27 00:00:00,29.235742173825248
555,5,4,2032-09-18 00:00:00,31.356709392768085
556,5,4,2032-11-27 00:00:00,29.235742173825248
557,5,3,2032-03-27 00:00:00,32.963407589302626
558,5,3,2032-07-17 00:00:00,32.40541184103273
559,5,3,2032-10-09 00:00:00,26.43983972385515
560,5,3,2032-05-15 00:00:00,37.97594613580074
561,5,4,2032-02-14 00:00:00,37.86423007890538
562,5,4,2032-11-27 00:00:00,29.235742173825248
563,5,4,2032-09-18 00:00:00,31.356709392768085
564,5,4,2032-11-27 00:00:00,29.235742173825248
565,5,4,2032-02-14 00:00:00,37.86423007890538
566,5,4,2032-11-27 00:00:00,29.235742173825248
567,5,4,2032-09-18 00:00:00,31.356709392768085
568,5,4,2032-11-27 00:00:00,29.235742173825248
569,5,1,2037-09-26 00:00:00,0
570,5,1,2037-10-24 00:00:00,0
571,5,1,2037-12-19 00:00:00,0
572,5,1,2037-09-26 00:00:00,0
573,5,2,2037-01-31 00:00:00,26.348226135606193
574,5,2,2037-09-26 00:00:00,27.58418030101438
575,5,2,2037-10-10 00:00:00,26.96706412175849
576,5,2,2037-06-13 00:00:00,33.26677944534056
577,5,3,2037-03-21 00:00:00,63.28602661510559
578,5,3,2037-12-12 00:00:00,61.089296932540805
579,5,3,2037-11-21 00:00:00,58.50081502932093
580,5,3,2037-11-28 00:00:00,58.364005594850234
581,5,2,2037-01-31 00:00:00,26.348226135606193
582,5,2,2037-09-26 00:00:00,27.58418030101438
583,5,2,2037-10-10 00:00:00,26.96706412175849
584,5,2,2037-06-13 00:00:00,33.26677944534056
585,5,3,2037-03-21 00:00:00,63.28602661510559
586,5,3,2037-12-12 00:00:00,61.089296932540805
587,5,3,2037-11-21 00:00:00,58.50081502932093
588,5,3,2037-11-28 00:00:00,58.364005594850234
589,5,4,2037-06-20 00:00:00,75.06564879337655
590,5,4,2037-07-11 00:00:00,81.40085659971413
591,5,4,2037-01-24 00:00:00,61.63790404973377
592,5,4,2037-09-05 00:00:00,72.51412324877411
593,5,3,2037-03-21 00:00:00,63.28602661510559
594,5,3,2037-12-12 00:00:00,61.089296932540805
595,5,3,2037-11-21 00:00:00,58.50081502932093
596,5,3,2037-11-28 00:00:00,58.364005594850234
597,5,4,2037-06-20 00:00:00,75.06564879337655
598,5,4,2037-07-11 00:00:00,81.40085659971413
599,5,4,2037-01-24 00:00:00,61.63790404973377
600,5,4,2037-09-05 00:00:00,72.51412324877411
601,5,2,2037-01-31 00:00:00,26.348226135606193
602,5,2,2037-09-26 00:00:00,27.58418030101438
603,5,2,2037-10-10 00:00:00,26.96706412175849
604,5,2,2037-06-13 00:00:00,33.26677944534056
605,5,3,2037-03-21 00:00:00,63.28602661510559
606,5,3,2037-12-12 00:00:00,61.089296932540805
607,5,3,2037-11-21 00:00:00,58.50081502932093
608,5,3,2037-11-28 00:00:00,58.364005594850234
609,5,4,2037-06-20 00:00:00,75.06564879337655
610,5,4,2037-07-11 00:00:00,81.40085659971413
611,5,4,2037-01-24 00:00:00,61.63790404973377
612,5,4,2037-09-05 00:00:00,72.51412324877411
613,5,3,2037-03-21 00:00:00,63.28602661510559
614,5,3,2037-12-12 00:00:00,61.089296932540805
615,5,3,2037-11-21 00:00:00,58.50081502932093
616,5,3,2037-11-28 00:00:00,58.364005594850234
617,5,4,2037-06-20 00:00:00,75.06564879337655
618,5,4,2037-07-11 00:00:00,81.40085659971413
619,5,4,2037-01-24 00:00:00,61.63790404973377
620,5,4,2037-09-05 00:00:00,72.51412324877411
621,5,4,2037-06-20 00:00:00,75.06564879337655
622,5,4,2037-07-11 00:00:00,81.40085659971413
623,5,4,2037-01-24 00:00:00,61.63790404973377
624,5,4,2037-09-05 00:00:00,72.51412324877411
625,5,3,2037-03-21 00:00:00,63.28602661510559
626,5,3,2037-12-12 00:00:00,61.089296932540805
627,5,3,2037-11-21 00:00:00,58.50081502932093
628,5,3,2037-11-28 00:00:00,58.364005594850234
629,5,4,2037-06-20 00:00:00,75.06564879337655
630,5,4,2037-07-11 00:00:00,81.40085659971413
631,5,4,2037-01-24 00:00:00,61.63790404973377
632,5,4,2037-09-05 00:00:00,72.51412324877411
633,5,4,2037-06-20 00:00:00,75.06564879337655
634,5,4,2037-07-11 00:00:00,81.40085659971413
635,5,4,2037-01-24 00:00:00,61.63790404973377
636,5,4,2037-09-05 00:00:00,72.51412324877411
637,5,4,2037-06-20 00:00:00,75.06564879337655
638,5,4,2037-07-11 00:00:00,81.40085659971413
639,5,4,2037-01-24 00:00:00,61.63790404973377
640,5,4,2037-09-05 00:00:00,72.51412324877411
641,6,3,2022-08-08 00:00:00,23.041065930038425
642,6,3,2022-09-12 00:00:00,21.059625128455036
643,6,3,2022-08-29 00:00:00,20.57775429614994
644,6,3,2022-05-02 00:00:00,19.884958689905435
645,6,1,2027-11-14 00:00:00,0
646,6,1,2027-04-04 00:00:00,0
647,6,1,2027-07-18 00:00:00,0
648,6,1,2027-10-17 00:00:00,0
649,6,2,2027-07-04 00:00:00,84.09231760959214
650,6,2,2027-06-06 00:00:00,69.1068463014814
651,6,2,2027-08-08 00:00:00,64.7472885695921
652,6,2,2027-06-06 00:00:00,69.1068463014814
653,6,3,2027-09-12 00:00:00,118.16998985420507
654,6,3,2027-05-16 00:00:00,119.67387908553445
655,6,3,2027-11-14 00:00:00,145.81460914928076
656,6,3,2027-03-14 00:00:00,154.3484854026782
657,6,4,2027-09-19 00:00:00,125.50952577288557
658,6,4,2027-02-28 00:00:00,161.05297811433766
659,6,4,2027-02-07 00:00:00,149.7471461672932
660,6,4,2027-03-14 00:00:00,154.3484854026782
661,6,1,2032-03-06 00:00:00,0
662,6,1,2032-03-20 00:00:00,0
663,6,1,2032-07-24 00:00:00,0
664,6,1,2032-11-27 00:00:00,0
665,6,2,2032-10-09 00:00:00,128.896065802393
666,6,2,2032-08-07 00:00:00,139.81616133152525
667,6,2,2032-09-11 00:00:00,125.96996943772363
668,6,2,2032-06-19 00:00:00,136.8776989470246
669,6,3,2032-03-27 00:00:00,251.34910004558765
670,6,3,2032-07-17 00:00:00,292.9901936279009
671,6,3,2032-10-09 00:00:00,257.7921315248291
672,6,3,2032-05-15 00:00:00,256.86266479035623
673,6,2,2032-10-09 00:00:00,128.896065802393
674,6,2,2032-08-07 00:00:00,139.81616133152525
675,6,2,2032-09-11 00:00:00,125.96996943772363
676,6,2,2032-06-19 00:00:00,136.8776989470246
677,6,3,2032-03-27 00:00:00,251.34910004558765
678,6,3,2032-07-17 00:00:00,292.9901936279009
679,6,3,2032-10-09 00:00:00,257.7921315248291
680,6,3,2032-05-15 00:00:00,256.86266479035623
681,6,4,2032-02-14 00:00:00,306.0327755863821
682,6,4,2032-11-27 00:00:00,291.9145847813607
683,6,4,2032-09-18 00:00:00,281.6042427349192
684,6,4,2032-11-27 00:00:00,291.9145847813607
685,6,3,2032-03-27 00:00:00,251.34910004558765
686,6,3,2032-07-17 00:00:00,292.9901936279009
687,6,3,2032-10-09 00:00:00,257.7921315248291
688,6,3,2032-05-15 00:00:00,256.86266479035623
689,6,4,2032-02-14 00:00:00,306.0327755863821
690,6,4,2032-11-27 00:00:00,291.9145847813607
691,6,4,2032-09-18 00:00:00,281.6042427349192
692,6,4,2032-11-27 00:00:00,291.9145847813607
693,6,4,2032-02-14 00:00:00,306.0327755863821
694,6,4,2032-11-27 00:00:00,291.9145847813607
695,6,4,2032-09-18 00:00:00,281.6042427349192
696,6,4,2032-11-27 00:00:00,291.9145847813607
697,6,1,2037-09-26 00:00:00,0
698,6,1,2037-10-24 00:00:00,0
699,6,1,2037-12-19 00:00:00,0
700,6,1,2037-09-26 00:00:00,0
701,6,2,2037-01-31 00:00:00,203.78109719581244
702,6,2,2037-09-26 00:00:00,214.534921787967
703,6,2,2037-10-10 00:00:00,223.224846021683
704,6,2,2037-06-13 00:00:00,224.75339152499643
705,6,3,2037-03-21 00:00:00,453.4107948289587
706,6,3,2037-12-12 00:00:00,477.7113507992283
707,6,3,2037-11-21 00:00:00,553.94191931664
708,6,3,2037-11-28 00:00:00,498.1621543008721
709,6,2,2037-01-31 00:00:00,203.78109719581244
710,6,2,2037-09-26 00:00:00,214.534921787967
711,6,2,2037-10-10 00:00:00,223.224846021683
712,6,2,2037-06-13 00:00:00,224.75339152499643
713,6,3,2037-03-21 00:00:00,453.4107948289587
714,6,3,2037-12-12 00:00:00,477.7113507992283
715,6,3,2037-11-21 00:00:00,553.94191931664
716,6,3,2037-11-28 00:00:00,498.1621543008721
717,6,4,2037-06-20 00:00:00,508.16990985860974
718,6,4,2037-07-11 00:00:00,575.5851042250752
719,6,4,2037-01-24 00:00:00,500.33366254895634
720,6,4,2037-09-05 00:00:00,508.96247189991914
721,6,3,2037-03-21 00:00:00,453.4107948289587
722,6,3,2037-12-12 00:00:00,477.7113507992283
723,6,3,2037-11-21 00:00:00,553.94191931664
724,6,3,2037-11-28 00:00:00,498.1621543008721
725,6,4,2037-06-20 00:00:00,508.16990985860974
726,6,4,2037-07-11 00:00:00,575.5851042250752
727,6,4,2037-01-24 00:00:00,500.33366254895634
728,6,4,2037-09-05 00:00:00,508.96247189991914
729,6,2,2037-01-31 00:00:00,203.78109719581244
730,6,2,2037-09-26 00:00:00,214.534921787967
731,6,2,2037-10-10 00:00:00,223.224846021683
732,6,2,2037-06-13 00:00:00,224.75339152499643
733,6,3,2037-03-21 00:00:00,453.4107948289587
734,6,3,2037-12-12 00:00:00,477.7113507992283
735,6,3,2037-11-21 00:00:00,553.94191931664
736,6,3,2037-11-28 00:00:00,498.1621543008721
737,6,4,2037-06-20 00:00:00,508.16990985860974
738,6,4,2037-07-11 00:00:00,575.5851042250752
739,6,4,2037-01-24 00:00:00,500.33366254895634
740,6,4,2037-09-05 00:00:00,508.96247189991914
741,6,3,2037-03-21 00:00:00,453.4107948289587
742,6,3,2037-12-12 00:00:00,477.7113507992283
743,6,3,2037-11-21 00:00:00,553.94191931664
744,6,3,2037-11-28 00:00:00,498.1621543008721
745,6,4,2037-06-20 00:00:00,508.16990985860974
746,6,4,2037-07-11 00:00:00,575.5851042250752
747,6,4,2037-01-24 00:00:00,500.33366254895634
748,6,4,2037-09-05 00:00:00,508.96247189991914
749,6,4,2037-06-20 00:00:00,508.16990985860974
750,6,4,2037-07-11 00:00:00,575.5851042250752
751,6,4,2037-01-24 00:00:00,500.33366254895634
752,6,4,2037-09-05 00:00:00,508.96247189991914
753,6,3,2037-03-21 00:00:00,453.4107948289587
754,6,3,2037-12-12 00:00:00,477.7113507992283
755,6,3,2037-11-21 00:00:00,553.94191931664
756,6,3,2037-11-28 00:00:00,498.1621543008721
757,6,4,2037-06-20 00:00:00,508.16990985860974
758,6,4,2037-07-11 00:00:00,575.5851042250752
759,6,4,2037-01-24 00:00:00,500.33366254895634
760,6,4,2037-09-05 00:00:00,508.96247189991914
761,6,4,2037-06-20 00:00:00,508.16990985860974
762,6,4,2037-07-11 00:00:00,575.5851042250752
763,6,4,2037-01-24 00:00:00,500.33366254895634
764,6,4,2037-09-05 00:00:00,508.96247189991914
765,6,4,2037-06-20 00:00:00,508.16990985860974
766,6,4,2037-07-11 00:00:00,575.5851042250752
767,6,4,2037-01-24 00:00:00,500.33366254895634
768,6,4,2037-09-05 00:00:00,508.96247189991914
769,7,3,2022-08-08 00:00:00,3.92138920492997
770,7,3,2022-09-12 00:00:00,3.5268876156460935
771,7,3,2022-08-29 00:00:00,3.416767858853184
772,7,3,2022-05-02 00:00:00,3.227936196961942
773,7,1,2027-11-14 00:00:00,0
774,7,1,2027-04-04 00:00:00,0
775,7,1,2027-07-18 00:00:00,0
776,7,1,2027-10-17 00:00:00,0
777,7,2,2027-07-04 00:00:00,14.276298809695827
778,7,2,2027-06-06 00:00:00,12.031155354083188
779,7,2,2027-08-08 00:00:00,12.065775824779632
780,7,2,2027-06-06 00:00:00,12.031155354083188
781,7,3,2027-09-12 00:00:00,23.73072400810136
782,7,3,2027-05-16 00:00:00,22.33785016989721
783,7,3,2027-11-14 00:00:00,21.44767418696405
784,7,3,2027-03-14 00:00:00,24.839577087629127
785,7,4,2027-09-19 00:00:00,24.443472925482496
786,7,4,2027-02-28 00:00:00,27.5052496605656
787,7,4,2027-02-07 00:00:00,26.360469015513548
788,7,4,2027-03-14 00:00:00,24.839577087629127
789,7,1,2032-03-06 00:00:00,0
790,7,1,2032-03-20 00:00:00,0
791,7,1,2032-07-24 00:00:00,0
792,7,1,2032-11-27 00:00:00,0
793,7,2,2032-10-09 00:00:00,19.418693720470397
794,7,2,2032-08-07 00:00:00,23.003276087061096
795,7,2,2032-09-11 00:00:00,20.15870059914028
796,7,2,2032-06-19 00:00:00,24.763481133277875
797,7,3,2032-03-27 00:00:00,40.77648521852941
798,7,3,2032-07-17 00:00:00,48.83529374430529
799,7,3,2032-10-09 00:00:00,38.83738742889497
800,7,3,2032-05-15 00:00:00,45.35637540641146
801,7,2,2032-10-09 00:00:00,19.418693720470397
802,7,2,2032-08-07 00:00:00,23.003276087061096
803,7,2,2032-09-11 00:00:00,20.15870059914028
804,7,2,2032-06-19 00:00:00,24.763481133277875
805,7,3,2032-03-27 00:00:00,40.77648521852941
806,7,3,2032-07-17 00:00:00,48.83529374430529
807,7,3,2032-10-09 00:00:00,38.83738742889497
808,7,3,2032-05-15 00:00:00,45.35637540641146
809,7,4,2032-02-14 00:00:00,54.62224733045029
810,7,4,2032-11-27 00:00:00,44.24776009263021
811,7,4,2032-09-18 00:00:00,46.411333649503625
812,7,4,2032-11-27 00:00:00,44.24776009263021
813,7,3,2032-03-27 00:00:00,40.77648521852941
814,7,3,2032-07-17 00:00:00,48.83529374430529
815,7,3,2032-10-09 00:00:00,38.83738742889497
816,7,3,2032-05-15 00:00:00,45.35637540641146
817,7,4,2032-02-14 00:00:00,54.62224733045029
818,7,4,2032-11-27 00:00:00,44.24776009263021
819,7,4,2032-09-18 00:00:00,46.411333649503625
820,7,4,2032-11-27 00:00:00,44.24776009263021
821,7,4,2032-02-14 00:00:00,54.62224733045029
822,7,4,2032-11-27 00:00:00,44.24776009263021
823,7,4,2032-09-18 00:00:00,46.411333649503625
824,7,4,2032-11-27 00:00:00,44.24776009263021
825,7,1,2037-09-26 00:00:00,0
826,7,1,2037-10-24 00:00:00,0
827,7,1,2037-12-19 00:00:00,0
828,7,1,2037-09-26 00:00:00,0
829,7,2,2037-01-31 00:00:00,37.262330948436286
830,7,2,2037-09-26 00:00:00,35.91188260372786
831,7,2,2037-10-10 00:00:00,37.59653148633783
832,7,2,2037-06-13 00:00:00,39.88992504475616
833,7,3,2037-03-21 00:00:00,79.99381935845896
834,7,3,2037-12-12 00:00:00,86.97613017163597
835,7,3,2037-11-21 00:00:00,76.46442051739108
836,7,3,2037-11-28 00:00:00,77.04412098630544
837,7,2,2037-01-31 00:00:00,37.262330948436286
838,7,2,2037-09-26 00:00:00,35.91188260372786
839,7,2,2037-10-10 00:00:00,37.59653148633783
840,7,2,2037-06-13 00:00:00,39.88992504475616
841,7,3,2037-03-21 00:00:00,79.99381935845896
842,7,3,2037-12-12 00:00:00,86.97613017163597
843,7,3,2037-11-21 00:00:00,76.46442051739108
844,7,3,2037-11-28 00:00:00,77.04412098630544
845,7,4,2037-06-20 00:00:00,101.71645218412847
846,7,4,2037-07-11 00:00:00,113.81176787961296
847,7,4,2037-01-24 00:00:00,85.88291715104279
848,7,4,2037-09-05 00:00:00,99.01429960505655
849,7,3,2037-03-21 00:00:00,79.99381935845896
850,7,3,2037-12-12 00:00:00,86.97613017163597
851,7,3,2037-11-21 00:00:00,76.46442051739108
852,7,3,2037-11-28 00:00:00,77.04412098630544
853,7,4,2037-06-20 00:00:00,101.71645218412847
854,7,4,2037-07-11 00:00:00,113.81176787961296
855,7,4,2037-01-24 00:00:00,85.88291715104279
856,7,4,2037-09-05 00:00:00,99.01429960505655
857,7,2,2037-01-31 00:00:00,37.262330948436286
858,7,2,2037-09-26 00:00:00,35.91188260372786
859,7,2,2037-10-10 00:00:00,37.59653148633783
860,7,2,2037-06-13 00:00:00,39.88992504475616
861,7,3,2037-03-21 00:00:00,79.99381935845896
862,7,3,2037-12-12 00:00:00,86.97613017163597
863,7,3,2037-11-21 00:00:00,76.46442051739108
864,7,3,2037-11-28 00:00:00,77.04412098630544
865,7,4,2037-06-20 00:00:00,101.71645218412847
866,7,4,2037-07-11 00:00:00,113.81176787961296
867,7,4,2037-01-24 00:00:00,85.88291715104279
868,7,4,2037-09-05 00:00:00,99.01429960505655
869,7,3,2037-03-21 00:00:00,79.99381935845896
870,7,3,2037-12-12 00:00:00,86.97613017163597
871,7,3,2037-11-21 00:00:00,76.46442051739108
872,7,3,2037-11-28 00:00:00,77.04412098630544
873,7,4,2037-06-20 00:00:00,101.71645218412847
874,7,4,2037-07-11 00:00:00,113.81176787961296
875,7,4,2037-01-24 00:00:00,85.88291715104279
876,7,4,2037-09-05 00:00:00,99.01429960505655
877,7,4,2037-06-20 00:00:00,101.71645218412847
878,7,4,2037-07-11 00:00:00,113.81176787961296
879,7,4,2037-01-24 00:00:00,85.88291715104279
880,7,4,2037-09-05 00:00:00,99.01429960505655
881,7,3,2037-03-21 00:00:00,79.99381935845896
882,7,3,2037-12-12 00:00:00,86.97613017163597
883,7,3,2037-11-21 00:00:00,76.46442051739108
884,7,3,2037-11-28 00:00:00,77.04412098630544
885,7,4,2037-06-20 00:00:00,101.71645218412847
886,7,4,2037-07-11 00:00:00,113.81176787961296
887,7,4,2037-01-24 00:00:00,85.88291715104279
888,7,4,2037-09-05 00:00:00,99.01429960505655
889,7,4,2037-06-20 00:00:00,101.71645218412847
890,7,4,2037-07-11 00:00:00,113.81176787961296
891,7,4,2037-01-24 00:00:00,85.88291715104279
892,7,4,2037-09-05 00:00:00,99.01429960505655
893,7,4,2037-06-20 00:00:00,101.71645218412847
894,7,4,2037-07-11 00:00:00,113.81176787961296
895,7,4,2037-01-24 00:00:00,85.88291715104279
896,7,4,2037-09-05 00:00:00,99.01429960505655
897,8,3,2022-08-08 00:00:00,19.882680807148958
898,8,3,2022-09-12 00:00:00,18.78695656507678
899,8,3,2022-08-29 00:00:00,19.01707214072227
900,8,3,2022-05-02 00:00:00,17.906629855560492
901,8,1,2027-11-14 00:00:00,0
902,8,1,2027-04-04 00:00:00,0
903,8,1,2027-07-18 00:00:00,0
904,8,1,2027-10-17 00:00:00,0
905,8,2,2027-07-04 00:00:00,60.68189822224324
906,8,2,2027-06-06 00:00:00,57.168747745692315
907,8,2,2027-08-08 00:00:00,61.012696796446036
908,8,2,2027-06-06 00:00:00,57.168747745692315
909,8,3,2027-09-12 00:00:00,131.77376203963112
910,8,3,2027-05-16 00:00:00,116.78866329531354
911,8,3,2027-11-14 00:00:00,122.51183827574609
912,8,3,2027-03-14 00:00:00,148.0664353635154
913,8,4,2027-09-19 00:00:00,137.11328354067805
914,8,4,2027-02-28 00:00:00,156.91076497214613
915,8,4,2027-02-07 00:00:00,131.59378057752684
916,8,4,2027-03-14 00:00:00,148.0664353635154
917,8,1,2032-03-06 00:00:00,0
918,8,1,2032-03-20 00:00:00,0
919,8,1,2032-07-24 00:00:00,0
920,8,1,2032-11-27 00:00:00,0
921,8,2,2032-10-09 00:00:00,126.24263010763286
922,8,2,2032-08-07 00:00:00,123.95674130091383
923,8,2,2032-09-11 00:00:00,118.72036891141468
924,8,2,2032-06-19 00:00:00,123.11802292566266
925,8,3,2032-03-27 00:00:00,244.90691877151858
926,8,3,2032-07-17 00:00:00,296.94623150372064
927,8,3,2032-10-09 00:00:00,252.48526013695482
928,8,3,2032-05-15 00:00:00,271.00343455572227
929,8,2,2032-10-09 00:00:00,126.24263010763286
930,8,2,2032-08-07 00:00:00,123.95674130091383
931,8,2,2032-09-11 00:00:00,118.72036891141468
932,8,2,2032-06-19 00:00:00,123.11802292566266
933,8,3,2032-03-27 00:00:00,244.90691877151858
934,8,3,2032-07-17 00:00:00,296.94623150372064
935,8,3,2032-10-09 00:00:00,252.48526013695482
936,8,3,2032-05-15 00:00:00,271.00343455572227
937,8,4,2032-02-14 00:00:00,316.77127347764656
938,8,4,2032-11-27 00:00:00,293.0083100589352
939,8,4,2032-09-18 00:00:00,295.22099981063565
940,8,4,2032-11-27 00:00:00,293.0083100589352
941,8,3,2032-03-27 00:00:00,244.90691877151858
942,8,3,2032-07-17 00:00:00,296.94623150372064
943,8,3,2032-10-09 00:00:00,252.48526013695482
944,8,3,2032-05-15 00:00:00,271.00343455572227
945,8,4,2032-02-14 00:00:00,316.77127347764656
946,8,4,2032-11-27 00:00:00,293.0083100589352
947,8,4,2032-09-18 00:00:00,295.22099981063565
948,8,4,2032-11-27 00:00:00,293.0083100589352
949,8,4,2032-02-14 00:00:00,316.77127347764656
950,8,4,2032-11-27 00:00:00,293.0083100589352
951,8,4,2032-09-18 00:00:00,295.22099981063565
952,8,4,2032-11-27 00:00:00,293.0083100589352
953,8,1,2037-09-26 00:00:00,0
954,8,1,2037-10-24 00:00:00,0
955,8,1,2037-12-19 00:00:00,0
956,8,1,2037-09-26 00:00:00,0
957,8,2,2037-01-31 00:00:00,298.4665529115957
958,8,2,2037-09-26 00:00:00,217.55842454632094
959,8,2,2037-10-10 00:00:00,235.11610356546137
960,8,2,2037-06-13 00:00:00,235.9690484343516
961,8,3,2037-03-21 00:00:00,445.75334296756535
962,8,3,2037-12-12 00:00:00,607.6234519463862
963,8,3,2037-11-21 00:00:00,463.2904008694662
964,8,3,2037-11-28 00:00:00,463.5978865521978
965,8,2,2037-01-31 00:00:00,298.4665529115957
966,8,2,2037-09-26 00:00:00,217.55842454632094
967,8,2,2037-10-10 00:00:00,235.11610356546137
968,8,2,2037-06-13 00:00:00,235.9690484343516
969,8,3,2037-03-21 00:00:00,445.75334296756535
970,8,3,2037-12-12 00:00:00,607.6234519463862
971,8,3,2037-11-21 00:00:00,463.2904008694662
972,8,3,2037-11-28 00:00:00,463.5978865521978
973,8,4,2037-06-20 00:00:00,579.1408823764855
974,8,4,2037-07-11 00:00:00,607.4975468981214
975,8,4,2037-01-24 00:00:00,498.1440086181151
976,8,4,2037-09-05 00:00:00,610.5711581530227
977,8,3,2037-03-21 00:00:00,445.75334296756535
978,8,3,2037-12-12 00:00:00,607.6234519463862
979,8,3,2037-11-21 00:00:00,463.2904008694662
980,8,3,2037-11-28 00:00:00,463.5978865521978
981,8,4,2037-06-20 00:00:00,579.1408823764855
982,8,4,2037-07-11 00:00:00,607.4975468981214
983,8,4,2037-01-24 00:00:00,498.1440086181151
984,8,4,2037-09-05 00:00:00,610.5711581530227
985,8,2,2037-01-31 00:00:00,298.4665529115957
986,8,2,2037-09-26 00:00:00,217.55842454632094
987,8,2,2037-10-10 00:00:00,235.11610356546137
988,8,2,2037-06-13 00:00:00,235.9690484343516
989,8,3,2037-03-21 00:00:00,445.75334296756535
990,8,3,2037-12-12 00:00:00,607.6234519463862
991,8,3,2037-11-21 00:00:00,463.2904008694662
992,8,3,2037-11-28 00:00:00,463.5978865521978
993,8,4,2037-06-20 00:00:00,579.1408823764855
994,8,4,2037-07-11 00:00:00,607.4975468981214
995,8,4,2037-01-24 00:00:00,498.1440086181151
996,8,4,2037-09-05 00:00:00,610.5711581530227
997,8,3,2037-03-21 00:00:00,445.75334296756535
998,8,3,2037-12-12 00:00:00,607.6234519463862
999,8,3,2037-11-21 00:00:00,463.2904008694662
1000,8,3,2037-11-28 00:00:00,463.5978865521978
1001,8,4,2037-06-20 00:00:00,579.1408823764855
1002,8,4,2037-07-11 00:00:00,607.4975468981214
1003,8,4,2037-01-24 00:00:00,498.1440086181151
1004,8,4,2037-09-05 00:00:00,610.5711581530227
1005,8,4,2037-06-20 00:00:00,579.1408823764855
1006,8,4,2037-07-11 00:00:00,607.4975468981214
1007,8,4,2037-01-24 00:00:00,498.1440086181151
1008,8,4,2037-09-05 00:00:00,610.5711581530227
1009,8,3,2037-03-21 00:00:00,445.75334296756535
1010,8,3,2037-12-12 00:00:00,607.6234519463862
1011,8,3,2037-11-21 00:00:00,463.2904008694662
1012,8,3,2037-11-28 00:00:00,463.5978865521978
1013,8,4,2037-06-20 00:00:00,579.1408823764855
1014,8,4,2037-07-11 00:00:00,607.4975468981214
1015,8,4,2037-01-24 00:00:00,498.1440086181151
1016,8,4,2037-09-05 00:00:00,610.5711581530227
1017,8,4,2037-06-20 00:00:00,579.1408823764855
1018,8,4,2037-07-11 00:00:00,607.4975468981214
1019,8,4,2037-01-24 00:00:00,498.1440086181151
1020,8,4,2037-09-05 00:00:00,610.5711581530227
1021,8,4,2037-06-20 00:00:00,579.1408823764855
1022,8,4,2037-07-11 00:00:00,607.4975468981214
1023,8,4,2037-01-24 00:00:00,498.1440086181151
1024,8,4,2037-09-05 00:00:00,610.5711581530227
1025,9,3,2022-08-08 00:00:00,5.0927465641723435
1026,9,3,2022-09-12 00:00:00,4.64263184907874
1027,9,3,2022-08-29 00:00:00,4.829002643730918
1028,9,3,2022-05-02 00:00:00,4.536845568143821
1029,9,1,2027-11-14 00:00:00,0
1030,9,1,2027-04-04 00:00:00,0
1031,9,1,2027-07-18 00:00:00,0
1032,9,1,2027-10-17 00:00:00,0
1033,9,2,2027-07-04 00:00:00,14.119379899320231
1034,9,2,2027-06-06 00:00:00,13.937158218250019
1035,9,2,2027-08-08 00:00:00,14.499448782153374
1036,9,2,2027-06-06 00:00:00,13.937158218250019
1037,9,3,2027-09-12 00:00:00,29.107257088465925
1038,9,3,2027-05-16 00:00:00,26.724902881102242
1039,9,3,2027-11-14 00:00:00,27.566614795060396
1040,9,3,2027-03-14 00:00:00,23.74263672879335
1041,9,4,2027-09-19 00:00:00,29.949786409320787
1042,9,4,2027-02-28 00:00:00,24.607963401376818
1043,9,4,2027-02-07 00:00:00,25.16675932217604
1044,9,4,2027-03-14 00:00:00,23.74263672879335
1045,9,1,2032-03-06 00:00:00,0
1046,9,1,2032-03-20 00:00:00,0
1047,9,1,2032-07-24 00:00:00,0
1048,9,1,2032-11-27 00:00:00,0
1049,9,2,2032-10-09 00:00:00,24.86056701951384
1050,9,2,2032-08-07 00:00:00,27.188757160728297
1051,9,2,2032-09-11 00:00:00,27.037229448613953
1052,9,2,2032-06-19 00:00:00,27.56067791428795
1053,9,3,2032-03-27 00:00:00,51.33144003048548
1054,9,3,2032-07-17 00:00:00,55.71315213216276
1055,9,3,2032-10-09 00:00:00,49.721134023606155
1056,9,3,2032-05-15 00:00:00,54.9588331442398
1057,9,2,2032-10-09 00:00:00,24.86056701951384
1058,9,2,2032-08-07 00:00:00,27.188757160728297
1059,9,2,2032-09-11 00:00:00,27.037229448613953
1060,9,2,2032-06-19 00:00:00,27.56067791428795
1061,9,3,2032-03-27 00:00:00,51.33144003048548
1062,9,3,2032-07-17 00:00:00,55.71315213216276
1063,9,3,2032-10-09 00:00:00,49.721134023606155
1064,9,3,2032-05-15 00:00:00,54.9588331442398
1065,9,4,2032-02-14 00:00:00,48.65171229775552
1066,9,4,2032-11-27 00:00:00,48.77656832878867
1067,9,4,2032-09-18 00:00:00,54.21219824424777
1068,9,4,2032-11-27 00:00:00,48.77656832878867
1069,9,3,2032-03-27 00:00:00,51.33144003048548
1070,9,3,2032-07-17 00:00:00,55.71315213216276
1071,9,3,2032-10-09 00:00:00,49.721134023606155
1072,9,3,2032-05-15 00:00:00,54.9588331442398
1073,9,4,2032-02-14 00:00:00,48.65171229775552
1074,9,4,2032-11-27 00:00:00,48.77656832878867
1075,9,4,2032-09-18 00:00:00,54.21219824424777
1076,9,4,2032-11-27 00:00:00,48.77656832878867
1077,9,4,2032-02-14 00:00:00,48.65171229775552
1078,9,4,2032-11-27 00:00:00,48.77656832878867
1079,9,4,2032-09-18 00:00:00,54.21219824424777
1080,9,4,2032-11-27 00:00:00,48.77656832878867
1081,9,1,2037-09-26 00:00:00,0
1082,9,1,2037-10-24 00:00:00,0
1083,9,1,2037-12-19 00:00:00,0
1084,9,1,2037-09-26 00:00:00,0
1085,9,2,2037-01-31 00:00:00,35.543930383070666
1086,9,2,2037-09-26 00:00:00,39.288702810326456
1087,9,2,2037-10-10 00:00:00,39.861711375793135
1088,9,2,2037-06-13 00:00:00,46.75325203725402
1089,9,3,2037-03-21 00:00:00,74.09166697277284
1090,9,3,2037-12-12 00:00:00,70.14218148346616
1091,9,3,2037-11-21 00:00:00,74.14102277966505
1092,9,3,2037-11-28 00:00:00,72.18176269707931
1093,9,2,2037-01-31 00:00:00,35.543930383070666
1094,9,2,2037-09-26 00:00:00,39.288702810326456
1095,9,2,2037-10-10 00:00:00,39.861711375793135
1096,9,2,2037-06-13 00:00:00,46.75325203725402
1097,9,3,2037-03-21 00:00:00,74.09166697277284
1098,9,3,2037-12-12 00:00:00,70.14218148346616
1099,9,3,2037-11-21 00:00:00,74.14102277966505
1100,9,3,2037-11-28 00:00:00,72.18176269707931
1101,9,4,2037-06-20 00:00:00,91.47043166089459
1102,9,4,2037-07-11 00:00:00,89.77823571621633
1103,9,4,2037-01-24 00:00:00,75.44817130368764
1104,9,4,2037-09-05 00:00:00,84.83388302699741
1105,9,3,2037-03-21 00:00:00,74.09166697277284
1106,9,3,2037-12-12 00:00:00,70.14218148346616
1107,9,3,2037-11-21 00:00:00,74.14102277966505
1108,9,3,2037-11-28 00:00:00,72.18176269707931
1109,9,4,2037-06-20 00:00:00,91.47043166089459
1110,9,4,2037-07-11 00:00:00,89.77823571621633
1111,9,4,2037-01-24 00:00:00,75.44817130368764
1112,9,4,2037-09-05 00:00:00,84.83388302699741
1113,9,2,2037-01-31 00:00:00,35.543930383070666
1114,9,2,2037-09-26 00:00:00,39.288702810326456
1115,9,2,2037-10-10 00:00:00,39.861711375793135
1116,9,2,2037-06-13 00:00:00,46.75325203725402
1117,9,3,2037-03-21 00:00:00,74.09166697277284
1118,9,3,2037-12-12 00:00:00,70.14218148346616
1119,9,3,2037-11-21 00:00:00,74.14102277966505
1120,9,3,2037-11-28 00:00:00,72.18176269707931
1121,9,4,2037-06-20 00:00:00,91.47043166089459
1122,9,4,2037-07-11 00:00:00,89.77823571621633
1123,9,4,2037-01-24 00:00:00,75.44817130368764
1124,9,4,2037-09-05 00:00:00,84.83388302699741
1125,9,3,2037-03-21 00:00:00,74.09166697277284
1126,9,3,2037-12-12 00:00:00,70.14218148346616
1127,9,3,2037-11-21 00:00:00,74.14102277966505
1128,9,3,2037-11-28 00:00:00,72.18176269707931
1129,9,4,2037-06-20 00:00:00,91.47043166089459
1130,9,4,2037-07-11 00:00:00,89.77823571621633
1131,9,4,2037-01-24 00:00:00,75.44817130368764
1132,9,4,2037-09-05 00:00:00,84.83388302699741
1133,9,4,2037-06-20 00:00:00,91.47043166089459
1134,9,4,2037-07-11 00:00:00,89.77823571621633
1135,9,4,2037-01-24 00:00:00,75.44817130368764
1136,9,4,2037-09-05 00:00:00,84.83388302699741
1137,9,3,2037-03-21 00:00:00,74.09166697277284
1138,9,3,2037-12-12 00:00:00,70.14218148346616
1139,9,3,2037-11-21 00:00:00,74.14102277966505
1140,9,3,2037-11-28 00:00:00,72.18176269707931
1141,9,4,2037-06-20 00:00:00,91.47043166089459
1142,9,4,2037-07-11 00:00:00,89.77823571621633
1143,9,4,2037-01-24 00:00:00,75.44817130368764
1144,9,4,2037-09-05 00:00:00,84.83388302699741
1145,9,4,2037-06-20 00:00:00,91.47043166089459
1146,9,4,2037-07-11 00:00:00,89.77823571621633
1147,9,4,2037-01-24 00:00:00,75.44817130368764
1148,9,4,2037-09-05 00:00:00,84.83388302699741
1149,9,4,2037-06-20 00:00:00,91.47043166089459
1150,9,4,2037-07-11 00:00:00,89.77823571621633
1151,9,4,2037-01-24 00:00:00,75.44817130368764
1152,9,4,2037-09-05 00:00:00,84.83388302699741
1153,10,3,2022-08-08 00:00:00,6.760113772947884
1154,10,3,2022-09-12 00:00:00,6.313123804403063
1155,10,3,2022-08-29 00:00:00,6.426496159468774
1156,10,3,2022-05-02 00:00:00,5.735476291153629
1157,10,1,2027-11-14 00:00:00,0
1158,10,1,2027-04-04 00:00:00,0
1159,10,1,2027-07-18 00:00:00,0
1160,10,1,2027-10-17 00:00:00,0
1161,10,2,2027-07-04 00:00:00,22.613050478571864
1162,10,2,2027-06-06 00:00:00,18.22435073115961
1163,10,2,2027-08-08 00:00:00,20.44238645573245
1164,10,2,2027-06-06 00:00:00,18.22435073115961
1165,10,3,2027-09-12 00:00:00,47.88324474731991
1166,10,3,2027-05-16 00:00:00,36.63910046580483
1167,10,3,2027-11-14 00:00:00,47.435495523094175
1168,10,3,2027-03-14 00:00:00,53.04123473798645
1169,10,4,2027-09-19 00:00:00,48.30647281981669
1170,10,4,2027-02-28 00:00:00,49.35397413036691
1171,10,4,2027-02-07 00:00:00,50.74046927546636
1172,10,4,2027-03-14 00:00:00,53.04123473798645
1173,10,1,2032-03-06 00:00:00,0
1174,10,1,2032-03-20 00:00:00,0
1175,10,1,2032-07-24 00:00:00,0
1176,10,1,2032-11-27 00:00:00,0
1177,10,2,2032-10-09 00:00:00,43.030314661161945
1178,10,2,2032-08-07 00:00:00,40.59303645784586
1179,10,2,2032-09-11 00:00:00,36.40983356004141
1180,10,2,2032-06-19 00:00:00,39.26192967210241
1181,10,3,2032-03-27 00:00:00,91.26164159557565
1182,10,3,2032-07-17 00:00:00,86.19800433183671
1183,10,3,2032-10-09 00:00:00,86.06062929563127
1184,10,3,2032-05-15 00:00:00,86.44219634735134
1185,10,2,2032-10-09 00:00:00,43.030314661161945
1186,10,2,2032-08-07 00:00:00,40.59303645784586
1187,10,2,2032-09-11 00:00:00,36.40983356004141
1188,10,2,2032-06-19 00:00:00,39.26192967210241
1189,10,3,2032-03-27 00:00:00,91.26164159557565
1190,10,3,2032-07-17 00:00:00,86.19800433183671
1191,10,3,2032-10-09 00:00:00,86.06062929563127
1192,10,3,2032-05-15 00:00:00,86.44219634735134
1193,10,4,2032-02-14 00:00:00,135.9709676623389
1194,10,4,2032-11-27 00:00:00,97.4016131368893
1195,10,4,2032-09-18 00:00:00,110.26114982295867
1196,10,4,2032-11-27 00:00:00,97.4016131368893
1197,10,3,2032-03-27 00:00:00,91.26164159557565
1198,10,3,2032-07-17 00:00:00,86.19800433183671
1199,10,3,2032-10-09 00:00:00,86.06062929563127
1200,10,3,2032-05-15 00:00:00,86.44219634735134
1201,10,4,2032-02-14 00:00:00,135.9709676623389
1202,10,4,2032-11-27 00:00:00,97.4016131368893
1203,10,4,2032-09-18 00:00:00,110.26114982295867
1204,10,4,2032-11-27 00:00:00,97.4016131368893
1205,10,4,2032-02-14 00:00:00,135.9709676623389
1206,10,4,2032-11-27 00:00:00,97.4016131368893
1207,10,4,2032-09-18 00:00:00,110.26114982295867
1208,10,4,2032-11-27 00:00:00,97.4016131368893
1209,10,1,2037-09-26 00:00:00,0
1210,10,1,2037-10-24 00:00:00,0
1211,10,1,2037-12-19 00:00:00,0
1212,10,1,2037-09-26 00:00:00,0
1213,10,2,2037-01-31 00:00:00,79.7727750412371
1214,10,2,2037-09-26 00:00:00,77.65189255866561
1215,10,2,2037-10-10 00:00:00,77.06861693113086
1216,10,2,2037-06-13 00:00:00,67.94223188366027
1217,10,3,2037-03-21 00:00:00,158.63780307565773
1218,10,3,2037-12-12 00:00:00,220.87079435292523
1219,10,3,2037-11-21 00:00:00,174.49980197080987
1220,10,3,2037-11-28 00:00:00,167.42972519901988
1221,10,2,2037-01-31 00:00:00,79.7727750412371
1222,10,2,2037-09-26 00:00:00,77.65189255866561
1223,10,2,2037-10-10 00:00:00,77.06861693113086
1224,10,2,2037-06-13 00:00:00,67.94223188366027
1225,10,3,2037-03-21 00:00:00,158.63780307565773
1226,10,3,2037-12-12 00:00:00,220.87079435292523
1227,10,3,2037-11-21 00:00:00,174.49980197080987
1228,10,3,2037-11-28 00:00:00,167.42972519901988
1229,10,4,2037-06-20 00:00:00,188.32524635579688
1230,10,4,2037-07-11 00:00:00,194.40730047939815
1231,10,4,2037-01-24 00:00:00,196.3109942447474
1232,10,4,2037-09-05 00:00:00,185.6353023560342
1233,10,3,2037-03-21 00:00:00,158.63780307565773
1234,10,3,2037-12-12 00:00:00,220.87079435292523
1235,10,3,2037-11-21 00:00:00,174.49980197080987
1236,10,3,2037-11-28 00:00:00,167.42972519901988
1237,10,4,2037-06-20 00:00:00,188.32524635579688
1238,10,4,2037-07-11 00:00:00,194.40730047939815
1239,10,4,2037-01-24 00:00:00,196.3109942447474
1240,10,4,2037-09-05 00:00:00,185.6353023560342
1241,10,2,2037-01-31 00:00:00,79.7727750412371
1242,10,2,2037-09-26 00:00:00,77.65189255866561
1243,10,2,2037-10-10 00:00:00,77.06861693113086
1244,10,2,2037-06-13 00:00:00,67.94223188366027
1245,10,3,2037-03-21 00:00:00,158.63780307565773
1246,10,3,2037-12-12 00:00:00,220.87079435292523
1247,10,3,2037-11-21 00:00:00,174.49980197080987
1248,10,3,2037-11-28 00:00:00,167.42972519901988
1249,10,4,2037-06-20 00:00:00,188.32524635579688
1250,10,4,2037-07-11 00:00:00,194.40730047939815
1251,10,4,2037-01-24 00:00:00,196.3109942447474
1252,10,4,2037-09-05 00:00:00,185.6353023560342
1253,10,3,2037-03-21 00:00:00,158.63780307565773
1254,10,3,2037-12-12 00:00:00,220.87079435292523
1255,10,3,2037-11-21 00:00:00,174.49980197080987
1256,10,3,2037-11-28 00:00:00,167.42972519901988
1257,10,4,2037-06-20 00:00:00,188.32524635579688
1258,10,4,2037-07-11 00:00:00,194.40730047939815
1259,10,4,2037-01-24 00:00:00,196.3109942447474
1260,10,4,2037-09-05 00:00:00,185.6353023560342
1261,10,4,2037-06-20 00:00:00,188.32524635579688
1262,10,4,2037-07-11 00:00:00,194.40730047939815
1263,10,4,2037-01-24 00:00:00,196.3109942447474
1264,10,4,2037-09-05 00:00:00,185.6353023560342
1265,10,3,2037-03-21 00:00:00,158.63780307565773
1266,10,3,2037-12-12 00:00:00,220.87079435292523
1267,10,3,2037-11-21 00:00:00,174.49980197080987
1268,10,3,2037-11-28 00:00:00,167.42972519901988
1269,10,4,2037-06-20 00:00:00,188.32524635579688
1270,10,4,2037-07-11 00:00:00,194.40730047939815
1271,10,4,2037-01-24 00:00:00,196.3109942447474
1272,10,4,2037-09-05 00:00:00,185.6353023560342
1273,10,4,2037-06-20 00:00:00,188.32524635579688
1274,10,4,2037-07-11 00:00:00,194.40730047939815
1275,10,4,2037-01-24 00:00:00,196.3109942447474
1276,10,4,2037-09-05 00:00:00,185.6353023560342
1277,10,4,2037-06-20 00:00:00,188.32524635579688
1278,10,4,2037-07-11 00:00:00,194.40730047939815
1279,10,4,2037-01-24 00:00:00,196.3109942447474
1280,10,4,2037-09-05 00:00:00,185.6353023560342
